name,num,coef
a,8,0.4407260491708988
a,169,0.4963603484166428
a,473,0.4575273103273069
a,1446,0.48492936093563155
a,2166,0.4804706398720341
a,6272,0.39077478381041997
a,6274,0.3475092500301468
a,6276,0.42802046930134485
a,6283,0.48069557989839595
a,6294,0.4020290863905305
a,6297,0.4703871333902682
a,6300,0.4342080862331681
a,6306,0.45743268979352997
a,6308,0.46157178553543704
a,6312,0.4914937226113859
a,6316,0.45094295987192706
a,6323,0.47347464799783956
a,6326,0.4945421043514316
a,6332,0.4511839476484275
a,6339,0.49934471044221485
a,6355,0.3779270079849389
a,6357,0.4890981267043605
a,6361,0.468718706654954
a,6375,0.3773848847584761
a,6391,0.49016395835196
a,6392,0.4126610393415814
a,6394,0.37211686326219134
a,6397,0.4988509763161288
a,6417,0.38854545850884226
a,6418,0.47633302924367255
a,6419,0.49339844006029315
a,7346,0.4978589830702558
a,7403,0.4779927957469679
a,7429,0.4689126966437116
a,7432,0.4396373978294634
a,7434,0.4267245012840491
a,7436,0.38886183478215974
a,7445,0.46837213572104897
a,7450,0.49502137879721647
a,7459,0.46266783271327927
a,7463,0.4267245012840491
a,7471,0.4369427579132692
a,7477,0.39207371138146463
a,7489,0.45973217254389953
a,7492,0.3812134088088022
a,7512,0.4883136314844186
a,7518,0.4956129200358505
a,7531,0.49332366903247027
a,7532,0.4846752702419239
a,7537,0.48124380001915024
a,7539,0.41335200599799254
a,9690,0.4955791805356173
a,10434,0.48239851413718565
b,5926,0.37776132704611665
b,5944,0.3607634045443637
b,5950,0.4977122199901669
b,5955,0.41605484555883354
b,5966,0.44850041362995896
b,5971,0.42314762520316584
b,5980,0.4858819476138824
b,5986,0.4957007981764501
b,5998,0.4446877837312591
b,6000,0.4872409152291119
b,6013,0.4589975117896617
b,6031,0.4798983913913683
b,6034,0.4778054354933989
b,6047,0.461050405634932
b,6055,0.43725864841099615
b,6057,0.3885909173387719
c,6618,0.3825831697602736
c,6619,0.4867922967791406
c,6634,0.43823927001309665
c,6641,0.4400392568560859
c,6643,0.4895168415214637
c,6654,0.41683200163601464
c,6657,0.4931650280613251
c,6658,0.41274475665713123
c,6675,0.4873275466229736
c,6691,0.4555810300494719
c,6713,0.4324695555708577
c,6731,0.43117909300450663
d,2354,0.4943649961483696
d,6713,0.494939043777782
d,8513,0.49759301911754644
e,188,0.4965682427466915
e,730,0.4915494891534115
e,935,0.4795473518284259
e,1022,0.47892179338097657
e,2354,0.47092004453540065
e,5579,0.48132787917042313
e,5788,0.4999797023926031
e,6846,0.4980123526159476
e,8513,0.47253460882797577
e,10554,0.4844396311917213
f,5440,0.4822333508332822
f,6064,0.49875384463787287
g,5294,0.4986197937069929
g,5438,0.4828108736012661
g,7780,0.44991255507040834
g,7808,0.4257685081084166
g,7815,0.49036206962290385
g,7816,0.42914788036146995
g,7822,0.46836396361870675
g,7823,0.44869539494159283
g,7829,0.4889525976972865
g,7851,0.4231606262162721
g,7856,0.41038266815623825
g,7861,0.4449568191618508
g,7862,0.459199081204081
g,7884,0.4061255831654038
g,7888,0.43160406707120696
g,7889,0.4039064632314873
g,7896,0.44432866256943115
g,7906,0.43573547174992566
g,7916,0.43691045393809746
g,7918,0.4748593047850832
g,7919,0.4968808064434716
g,7921,0.37550928890261354
g,7926,0.4955708133277164
g,8641,0.49325840182817304
g,8669,0.4746694137974855
h,372,0.49840304723670054
h,5926,0.40013744979040283
h,5944,0.37417250338482405
h,5950,0.46324084705731233
h,5955,0.3945193285936274
h,5966,0.4745861078192691
h,5968,0.4788829160640993
h,5971,0.4627401007758333
h,5998,0.47763535384624145
h,6013,0.47329190353222744
h,6047,0.4858309558743326
h,6055,0.46652826559512195
h,6057,0.3943073473888332
h,8037,0.4764691710759623
h,8795,0.4894713752642865
h,10473,0.4887674873354713
i,7028,0.49469696443804423
i,7030,0.4027130069164716
i,7040,0.40392879628531925
i,7056,0.49702179190431395
i,7090,0.4325146855838329
i,7091,0.4214273090018303
i,7117,0.44437990876849237
i,7131,0.4812530559457019
i,7133,0.39450591752356856
i,7145,0.49149359184769875
i,7147,0.4515683242470575
i,7148,0.4667222509726219
j,5914,0.41461626059541784
j,5926,0.4400801385163955
j,5932,0.43446121354563877
j,5944,0.45796279464223905
j,5958,0.45318885855475793
j,5966,0.45824898440165973
j,5971,0.42078165528278105
j,5979,0.4755648746242268
j,5980,0.48359704010685856
j,5981,0.48146471341702296
j,5984,0.4713465451128054
j,5990,0.448960940689234
j,5998,0.46128090091137625
j,6014,0.49865289135112306
j,6021,0.49168433637293135
j,6027,0.4668637013259289
j,6031,0.48866495884987937
j,6034,0.39289627822410017
j,6040,0.4958323971157255
j,6047,0.4795650478808073
j,6055,0.4654042087537149
k,7030,0.3706613614662581
k,7032,0.4580603903659171
k,7052,0.40401446240691563
k,7053,0.4759845051207687
k,7058,0.48152336694794945
k,7067,0.3888566845176885
k,7068,0.46220383103807
k,7069,0.45875412016261785
k,7090,0.4009870325338046
k,7091,0.38946741813307684
k,7093,0.4935473879868598
k,7109,0.48921687371225503
k,7111,0.4468091284803704
k,7114,0.4749625373869238
k,7117,0.4751572144642684
k,7129,0.48911267128619224
k,7130,0.493254808946062
k,7133,0.3817015915491529
k,7147,0.33267601922046425
k,7148,0.44699312388166856
k,7150,0.4695917027636542
k,7151,0.350830515073098
k,7155,0.467399403377831
l,8195,0.4587404092180618
l,8204,0.4683338025260195
m,279,0.48730157274059244
n,7816,0.4861906210578723
n,7817,0.45887210699593545
n,7822,0.4457108424242953
n,7823,0.4850730228686089
n,7827,0.47921245759709413
n,7847,0.4776620027164477
n,7862,0.4710728144798094
n,7880,0.4843412171073488
n,7885,0.49154555061723165
n,7889,0.4906627288471534
n,7896,0.4691303947160273
n,7903,0.497210716745934
n,7921,0.4523479162617111
n,8546,0.4962369229740402
n,8566,0.48160760554694043
n,8576,0.4962369229740402
n,8599,0.4508094601072353
n,8605,0.48201533331171104
n,8611,0.4083092282352083
n,8623,0.4541229005223453
n,8637,0.4727023080802543
n,8641,0.48810329728389834
n,8668,0.41488407729105714
o,8186,0.46036931474706977
o,8187,0.47071841482275795
o,8195,0.33854876680026486
o,8204,0.3976982575904179
o,8232,0.44675600997595666
o,8236,0.4525263981537213
o,8249,0.4997770857890234
o,8253,0.48417970499775875
o,8261,0.3613806038214022
o,8266,0.47925109421671025
o,8275,0.49075446583474525
o,8276,0.45796281349677487
o,8278,0.39224077955243725
o,8288,0.4682706464695957
p,279,0.45535750640293277
q,8,0.4478183887937822
q,473,0.46096262536207705
q,1446,0.49600418666646484
q,2166,0.4893748523504977
q,6272,0.4023164352343919
q,6274,0.34152247327531027
q,6276,0.43217236579459806
q,6283,0.47869669755053823
q,6289,0.49502838062839316
q,6294,0.4049129442152655
q,6297,0.48152425528079085
q,6300,0.4243459280536738
q,6306,0.4637243572652816
q,6308,0.4752339548716795
q,6312,0.49364546666119546
q,6316,0.4437202978849523
q,6323,0.46487591339720696
q,6326,0.4999294897890047
q,6332,0.43759403066511343
q,6339,0.49893292707807946
q,6355,0.3854916735477584
q,6357,0.494628489149325
q,6361,0.45435534706076275
q,6375,0.3841835431767864
q,6386,0.4986247824852121
q,6391,0.48287008454054814
q,6392,0.41438018783985714
q,6394,0.35938378046095093
q,6397,0.49475344562422024
q,6417,0.3740313781723866
q,6418,0.4694612475332354
q,6419,0.48904971438341027
q,7346,0.4972690598324823
q,7403,0.4813277021850983
q,7429,0.4758615047660719
q,7432,0.4405013870595202
q,7434,0.4335730449581543
q,7436,0.3826613697666999
q,7445,0.46552480870379037
q,7450,0.4889773477932793
q,7459,0.48011118184088886
q,7463,0.4335730449581543
q,7471,0.4458665094227634
q,7477,0.39229885813933446
q,7489,0.45638747383701334
q,7491,0.4889676786161939
q,7492,0.39071157718843375
q,7512,0.46820111475258347
q,7518,0.48815462646042374
q,7520,0.4889676786161939
q,7531,0.4932292800329752
q,7532,0.4714620620531359
q,7537,0.4752014517917623
q,7539,0.3989119112287578
q,10434,0.48464659165970675
r,436,0.4945308336828084
r,5440,0.4564577271503265
r,6064,0.4677186009520991
t,5294,0.47884982175559265
t,5438,0.4634433852557466
t,7780,0.46371006341281
t,7808,0.4233759675318695
t,7815,0.493151347697977
t,7816,0.44971831286760816
t,7823,0.46115271759185533
t,7851,0.4294378661281311
t,7856,0.41567398766452
t,7861,0.447990776069814
t,7862,0.4866178900297834
t,7884,0.4180918198739133
t,7888,0.4380527006199449
t,7889,0.4298442282250642
t,7896,0.46379866053532726
t,7906,0.43938883537097295
t,7916,0.44703530494752125
t,7918,0.4825724190914033
t,7919,0.4967713365585659
t,7921,0.40062902848052767
t,7926,0.49704295720664166
t,8641,0.4980904504594983
t,8669,0.47795907125718956
t,8729,0.49926135007439515
t,10706,0.4854820614638894
u,372,0.4934719631982314
u,5926,0.40617901910586524
u,5944,0.3840602746001721
u,5950,0.4781749804831549
u,5955,0.41201906315335707
u,5966,0.4779445953023118
u,5968,0.4780309723330665
u,5971,0.46637196336431663
u,5998,0.47127645972772575
u,6000,0.49979279206829996
u,6013,0.4557491431212892
u,6047,0.4895903974856355
u,6055,0.47252528890508355
u,6057,0.3852477509433976
u,8037,0.48995369716422765
u,10473,0.47466324681870886
w,8,0.4722664063434067
w,473,0.4840735544606865
w,6272,0.3991546787135893
w,6274,0.35885397946737324
w,6276,0.41075477872446864
w,6283,0.4854229459989044
w,6289,0.4916677077812354
w,6294,0.4148312740977397
w,6297,0.4664719510426275
w,6300,0.41247093238353266
w,6306,0.4699585774105861
w,6308,0.47774659279298076
w,6312,0.46104607442980394
w,6316,0.44037405925388035
w,6323,0.4275444839821464
w,6326,0.49613723681880734
w,6332,0.4376744000415365
w,6339,0.4902528694677237
w,6355,0.3674502619449615
w,6357,0.4796335384112924
w,6361,0.4531647969113555
w,6375,0.3747088781834712
w,6381,0.49117254633662266
w,6385,0.4910516725367244
w,6386,0.48305354054715927
w,6391,0.4727836905543506
w,6392,0.3969212052263711
w,6394,0.34096460954977037
w,6404,0.4930174538240746
w,6417,0.36700412534913085
w,6418,0.4587483600235075
w,6419,0.49324635188241234
w,7429,0.4734608481472716
w,7432,0.43983371179498787
w,7434,0.4276021010135909
w,7436,0.3800979837379335
w,7440,0.479740480292618
w,7445,0.4362182112799604
w,7449,0.48842861940793214
w,7450,0.47047935281981723
w,7459,0.4957252184209337
w,7463,0.4276021010135909
w,7471,0.4642180468727569
w,7477,0.37684611376766797
w,7489,0.476024745226483
w,7492,0.3942830988446918
w,7500,0.4940919843408588
w,7512,0.4729553280189257
w,7518,0.4985069021810425
w,7531,0.49757804200137185
w,7532,0.44966817278764126
w,7537,0.4809517328928816
w,7539,0.41890333876170927
x,3008,0.4620115318205107
y,5294,0.4916558557275125
y,5438,0.48009566188778996
y,7780,0.4660435845443587
y,7808,0.43365090515395327
y,7815,0.4978378064371589
y,7816,0.4471400875641408
y,7822,0.4979629469899344
y,7823,0.45592543532924135
y,7851,0.4346790795733697
y,7856,0.4265120603900754
y,7861,0.4511583350493349
y,7862,0.4834317327683779
y,7884,0.42105858394458284
y,7888,0.449290969308456
y,7889,0.42989472570132015
y,7896,0.45905376770563433
y,7906,0.44123863619843945
y,7916,0.4488965819935541
y,7918,0.49064484611928866
y,7921,0.39753555183898215
y,7926,0.49822001150111944
y,8611,0.4906677105620725
y,8641,0.4917426042988162
y,8669,0.48287210354431204
y,10706,0.49824541300754527
z,371,0.46690732872290325
z,1391,0.4978418546084344
z,2394,0.46888482715589536
z,3008,0.4311539278713387
z,5831,0.48765274957011817
0,9210,0.47936247103989477
0,9212,0.43195196883495895
0,9216,0.4591348047404011
0,9221,0.47306235193129154
0,9233,0.41791114517529526
0,9237,0.4865782802634216
0,9238,0.37330145732532377
0,9247,0.4665279063813686
0,9250,0.47306235193129154
0,9256,0.37179563794335
0,9263,0.4594024012979712
0,9282,0.4747546262178811
0,9283,0.4157256570654887
0,9291,0.44963372834646376
0,9293,0.39635552804598484
0,9295,0.42212507750318723
0,9304,0.48206221417924694
0,9312,0.40430049468640317
0,9315,0.468375469708388
0,9316,0.47929080228533366
0,9322,0.47201819078485613
0,9329,0.47855759439339157
0,9334,0.45576595798800934
1,8907,0.4324333100541599
1,8914,0.4997964667462842
1,8918,0.4961941141212269
1,8919,0.48407592832070856
1,8921,0.4956172647078085
1,8937,0.44965504415811686
1,8939,0.4861539968197059
1,8941,0.4537933032545571
1,8944,0.417356567137228
1,8957,0.44434502674369303
1,8958,0.38859662333426354
1,8961,0.46332702284760335
1,8962,0.42759963350125685
1,8965,0.4864516049376404
1,8969,0.43348104218911726
1,8971,0.4480152423894388
1,8972,0.3331763802865412
1,8977,0.4744398516794035
1,8981,0.49162139415236056
1,8982,0.4658564336482653
1,8988,0.4880865482226322
1,8994,0.4093745567270973
1,8997,0.3694422538387332
1,9001,0.4536941187614823
1,9006,0.38179278307727693
1,9010,0.39600914014110455
1,9011,0.44653620397851407
1,9013,0.43760864122553833
1,9018,0.4639951154358599
1,9025,0.45096561917722605
1,9026,0.4873604550706033
1,9541,0.4227030005137704
1,9542,0.4748822944137132
1,9549,0.4960952907166103
1,9551,0.4577975625926777
1,9552,0.4519030589172403
1,9554,0.3087132465247107
1,9555,0.45035797841968955
1,9561,0.4876443588861211
1,9564,0.42147253626934594
1,9567,0.40144161829836855
1,9574,0.4790045705237219
1,9584,0.44570423289152655
1,9585,0.4962007819839295
1,9590,0.49260394260439944
1,9592,0.45742452832685704
1,9603,0.48901534857280815
1,9610,0.4526296984696772
1,9613,0.43321512526798744
1,9623,0.4405087992776346
1,9625,0.4736825557153008
1,9626,0.49803230911777
1,9631,0.2965784429183302
1,9634,0.397923641578381
1,9645,0.4778189127984777
1,9649,0.4205596794666541
1,9651,0.43540052678149155
1,9653,0.45588689977586977
1,9656,0.46365560694562763
1,9664,0.4629764097348498
1,9667,0.3325059823844041
1,9669,0.46166576178766683
1,9839,0.49879234240095516
1,9841,0.49397496059587886
1,9845,0.41758807436257006
1,9850,0.484632667231068
1,9857,0.41591013440422814
1,9863,0.4519949093711387
1,9870,0.49878264596578964
1,9879,0.3774020705330967
1,9893,0.4316262287935837
1,9901,0.49535009298589877
1,9904,0.4268230911014234
1,9905,0.4742034156709917
1,9915,0.47908216640820245
1,9920,0.4868287539179854
1,9925,0.39815653158187797
1,9929,0.48164352826751355
1,9932,0.36872495968301844
1,9935,0.43982054824546324
1,9939,0.4315135618679035
1,9946,0.48539766151660113
1,9948,0.41985322304913675
1,9950,0.4902161439882262
1,9951,0.42572141711726685
1,9955,0.4713212299247809
1,9962,0.45770806950050347
1,9967,0.43026034573057126
1,9982,0.4365420482018293
1,10215,0.453317511774928
1,10224,0.42014271209659276
1,10226,0.4658067984958206
1,10227,0.36435337271670976
1,10228,0.4829351334499624
1,10247,0.4625698423160063
1,10288,0.48199629759763724
1,10289,0.47279401940839594
1,10299,0.486774731559656
1,10301,0.4272677642630951
2,8907,0.4155033007171436
2,8914,0.46030792152265204
2,8918,0.49886026903109776
2,8933,0.4879506756075947
2,8937,0.47599665540952607
2,8941,0.4794386309003837
2,8944,0.4237388203269359
2,8957,0.42160023776987354
2,8958,0.3900328727909784
2,8961,0.4310348917497762
2,8962,0.4486880624130863
2,8965,0.491574992694752
2,8969,0.41732349936409363
2,8971,0.4809378775525503
2,8972,0.35504114861163527
2,8977,0.4844706741627202
2,8982,0.4959713098722416
2,8988,0.460172158898536
2,8994,0.3513030525785926
2,8997,0.3609271737338238
2,9001,0.49221236684416236
2,9006,0.3451585149472333
2,9010,0.39206127746469494
2,9011,0.4513424129110956
2,9013,0.47791330936101145
2,9018,0.4672581287156333
2,9025,0.45194332288682915
2,9026,0.47231336367984056
2,9540,0.4821291167764828
2,9541,0.43505437390622537
2,9542,0.46485444132535386
2,9546,0.4733329945483227
2,9551,0.4384220953979506
2,9552,0.49322838571907146
2,9554,0.3047954386480034
2,9555,0.49217594541989773
2,9561,0.4579998805572099
2,9564,0.4396939727328938
2,9567,0.4319487143740872
2,9574,0.4862318910395883
2,9581,0.49266093231472424
2,9584,0.41576949911865796
2,9590,0.48154779214965976
2,9592,0.4121784966810804
2,9603,0.4943215257596492
2,9610,0.48061108435714706
2,9613,0.4285487198950376
2,9623,0.4721336069149842
2,9625,0.4475162002009768
2,9631,0.33510053837098436
2,9634,0.3914069450425357
2,9645,0.45175517525464454
2,9649,0.40592878683050915
2,9651,0.41149696588671336
2,9653,0.4519250602140326
2,9656,0.42274922075709354
2,9664,0.49945560596330074
2,9667,0.34735189771891206
2,9669,0.4759031996540325
2,9845,0.4385270763280894
2,9850,0.43917746098787525
2,9857,0.4578359685811771
2,9870,0.48364822022189913
2,9879,0.41266071170628976
2,9893,0.39250258981539654
2,9904,0.434767627750163
2,9915,0.4876276259136631
2,9920,0.48009404677162826
2,9925,0.44065208361064523
2,9929,0.4795575773832764
2,9932,0.3389652000303088
2,9935,0.4336096367561556
2,9939,0.4160707843569993
2,9943,0.4886276802697629
2,9946,0.4785864275693909
2,9948,0.3934373605261648
2,9951,0.4519982422325504
2,9955,0.4896331385384669
2,9962,0.46997651343533475
2,9963,0.4865959761130295
2,9967,0.4177005558560224
2,9982,0.4416258926864737
2,10224,0.4687468153759426
2,10226,0.48909376065048976
2,10227,0.3880980105952479
2,10247,0.4933896961915773
2,10289,0.4761348908720022
2,10301,0.46261619347180893
3,8907,0.41543885880016407
3,8914,0.4635143392433289
3,8918,0.4931826316607968
3,8933,0.4904735857793874
3,8937,0.47147930068570515
3,8938,0.4982438327742073
3,8939,0.4946164714729521
3,8941,0.4641211876805241
3,8944,0.41783965508835497
3,8957,0.41874408120990386
3,8958,0.3856873026123056
3,8961,0.43300928008095974
3,8962,0.4400180834550394
3,8965,0.48249386180349363
3,8969,0.4144148501344982
3,8971,0.47090078496047105
3,8972,0.3498117770953329
3,8977,0.4820647589911772
3,8982,0.48913333778227835
3,8988,0.46890937034944874
3,8994,0.3630058947855844
3,8997,0.3614565666084511
3,9001,0.4821283274360044
3,9006,0.350816944902005
3,9010,0.38875694593690063
3,9011,0.4448004396931431
3,9013,0.46402745994875916
3,9018,0.4678027547644138
3,9025,0.44554880717800616
3,9026,0.4701821664006959
3,9540,0.4882386187937297
3,9541,0.42966178721902476
3,9542,0.46869113232869164
3,9546,0.474814433738112
3,9551,0.4367691142242813
3,9552,0.4813484958851292
3,9554,0.3036250650044021
3,9555,0.47828329195466895
3,9561,0.45891530667612224
3,9564,0.4315135286467389
3,9567,0.4226748276197532
3,9574,0.482267080800159
3,9581,0.49072736821380997
3,9584,0.4180815532482096
3,9590,0.4790055629383337
3,9592,0.4197001647213177
3,9603,0.4853582858799349
3,9610,0.4718826086318594
3,9613,0.42229679193107655
3,9623,0.4588978363924632
3,9625,0.4491194296902533
3,9631,0.3251130700485705
3,9634,0.3858083389840262
3,9645,0.4508419848658878
3,9649,0.4002277315403074
3,9651,0.410235981762912
3,9653,0.44751726709163026
3,9656,0.4289630398514758
3,9664,0.49071676995184815
3,9667,0.3409223427398667
3,9669,0.4714643349685892
3,9845,0.4309033098611101
3,9850,0.44354114424409075
3,9857,0.44708328460350083
3,9863,0.49135749586745353
3,9870,0.48504865323127155
3,9879,0.40054490539909166
3,9893,0.39945644933020674
3,9901,0.49636979661609815
3,9904,0.4279426359584737
3,9905,0.4952454211857356
3,9915,0.48045180100569773
3,9920,0.47997896662095263
3,9925,0.4296709275330905
3,9929,0.4760251595669946
3,9932,0.336043156163323
3,9935,0.4326246399482681
3,9939,0.41460098580049237
3,9943,0.4876859224917177
3,9946,0.47578638322147526
3,9948,0.39561883362502703
3,9951,0.4433903987845342
3,9955,0.48639656104645407
3,9962,0.4635900792528681
3,9963,0.4901338882483554
3,9967,0.42178731020313426
3,9982,0.43958283757364836
3,10215,0.4869532562335279
3,10224,0.4521757863334375
3,10226,0.47756404227788757
3,10227,0.3805036787017689
3,10247,0.4814447561255485
3,10289,0.46983554230880925
3,10301,0.4493290992801404
4,8907,0.442262723197157
4,8917,0.4975613929238388
4,8918,0.49703356691945316
4,8919,0.4748207755756025
4,8921,0.49472379722378973
4,8937,0.44684174966844153
4,8939,0.49516895889219625
4,8941,0.4425357088075699
4,8944,0.42465909002723445
4,8957,0.45156567507300827
4,8958,0.39697125738076633
4,8961,0.47290816627788607
4,8962,0.42505598844700115
4,8965,0.48589981964371576
4,8969,0.4397367684719871
4,8971,0.43787697542209864
4,8972,0.33261455247791266
4,8977,0.47270143536522097
4,8981,0.48072413789788754
4,8982,0.4636173825085105
4,8988,0.4966500388343493
4,8994,0.4281501908161335
4,8997,0.37310339113970925
4,9001,0.4455207461084482
4,9006,0.392604740562844
4,9010,0.39986944457628715
4,9011,0.44388242126018723
4,9013,0.4287042025652662
4,9018,0.4617794276501126
4,9025,0.4497077961609469
4,9026,0.4887295165702767
4,9541,0.42040805317525826
4,9542,0.4814399506346982
4,9549,0.4884678820553277
4,9551,0.46253754517967066
4,9552,0.444008381577445
4,9554,0.31694720569822094
4,9555,0.4457531094535803
4,9561,0.49853164358499097
4,9564,0.41599598223100004
4,9567,0.3921386904591863
4,9573,0.49693395012762775
4,9574,0.48737999556743705
4,9583,0.4990701181302252
4,9584,0.4532383198267002
4,9585,0.49263829249188085
4,9590,0.4980231052604564
4,9592,0.47485555176731076
4,9603,0.4884149198312644
4,9610,0.4559705548852221
4,9613,0.4363438286547564
4,9623,0.43147449879753497
4,9625,0.4824818320726799
4,9626,0.4996084506575912
4,9631,0.29079221091423885
4,9634,0.4008174670843547
4,9645,0.4867424903598808
4,9649,0.423475084707496
4,9651,0.4465952795160774
4,9653,0.4590205981327864
4,9656,0.4777471158185705
4,9664,0.4506631148037518
4,9667,0.32878603466540546
4,9669,0.4577537508140223
4,9839,0.496023513403479
4,9841,0.4816840187756943
4,9845,0.41271612152328957
4,9850,0.4979293110839449
4,9852,0.49419811566192307
4,9857,0.4075876310762172
4,9863,0.4328784012944983
4,9879,0.3663442421023627
4,9893,0.44091097330847323
4,9901,0.49129778485479875
4,9904,0.43028650458931145
4,9905,0.4691273025039632
4,9915,0.4780854615442142
4,9920,0.49839887700427
4,9925,0.39240412097118543
4,9929,0.4794711094541714
4,9932,0.3739187458956078
4,9935,0.44353364686451313
4,9939,0.43186692062125254
4,9946,0.48815552639316667
4,9948,0.43411244706960733
4,9950,0.4903694372890381
4,9951,0.4235795749308988
4,9955,0.47504782479528457
4,9962,0.45308079961054376
4,9967,0.44623315340303527
4,9982,0.43742492013196344
4,10215,0.4372323163157067
4,10224,0.40731249933160446
4,10226,0.45579216323591254
4,10227,0.36097736618151965
4,10228,0.4742113362742103
4,10247,0.4535989464941473
4,10288,0.48289502003644524
4,10289,0.475241326538857
4,10299,0.4854063562616182
4,10301,0.42277976845877374
4,10341,0.49128260841364046
CTRL,423,0.49627261289724073
CTRL,1470,0.42181920540846657
CTRL,1491,0.4350819425819131
CTRL,1495,0.4181968695238315
CTRL,1499,0.48460213925003814
CTRL,1502,0.4562827617138437
CTRL,1504,0.47721002920038375
CTRL,1528,0.48460213925003814
CTRL,1541,0.4005459961507913
CTRL,1542,0.4455843105445188
CTRL,1544,0.48977331709665006
CTRL,1548,0.3926862712789544
CTRL,1559,0.44309031722304043
CTRL,1560,0.417593723755087
CTRL,1561,0.39929467499543275
CTRL,1562,0.4299637889004094
CTRL,1571,0.4631856623433734
CTRL,1572,0.40888712763412366
CTRL,1574,0.4830212490621846
CTRL,1577,0.411930357223781
CTRL,1584,0.40863967498411263
CTRL,1585,0.4892209451602901
CTRL,1587,0.4720742005757738
CTRL,1588,0.31702207305448876
CTRL,1593,0.3848871595113709
CTRL,1595,0.4486612062101023
CTRL,1598,0.48819174803214077
CTRL,1602,0.4239384781868817
CTRL,1614,0.4994670834118751
CTRL,1620,0.48496256687976164
CTRL,1623,0.48674894481934866
CTRL,1630,0.4357396820403233
CTRL,1633,0.42640056683949024
CTRL,1659,0.4448404176910288
CTRL,1666,0.49778329597981286
CTRL,1670,0.4608017116676353
CTRL,1673,0.4847864741221429
CTRL,1675,0.4864102589775286
CTRL,1677,0.48859125941000275
CTRL,1684,0.49969738873698455
CTRL,1699,0.4789831155264541
CTRL,1701,0.47276672186112434
CTRL,1702,0.4363668304978988
CTRL,1705,0.4864102589775286
CTRL,1706,0.4893089163140277
CTRL,1707,0.46078354830261015
CTRL,1713,0.45018458287113877
CTRL,1715,0.39506464547234665
CTRL,1716,0.47711771933580077
CTRL,1727,0.4894104046223337
CTRL,1731,0.44385382281173685
CTRL,1739,0.46210718140364315
CTRL,1743,0.4055290467351184
CTRL,1747,0.49940172846982495
CTRL,1748,0.4851908455450695
CTRL,1751,0.4222840557677473
CTRL,1752,0.41324073302893943
CTRL,1773,0.4413876161627223
CTRL,1776,0.44016531043170154
CTRL,1779,0.38031961911939627
CTRL,1781,0.4521713233070873
CTRL,1783,0.3931522030608458
CTRL,1784,0.47496789900094893
CTRL,1799,0.42928502838827653
CTRL,1808,0.4839912161111208
CTRL,1812,0.3979871096034869
CTRL,1816,0.44023468096641183
CTRL,1818,0.49977563501827266
CTRL,1825,0.356352266370524
CTRL,1830,0.48292507459675044
CTRL,1831,0.34472130308634424
CTRL,1835,0.4968704608157285
CTRL,2337,0.4375277623257665
CTRL,2451,0.47148648001285404
CTRL,2484,0.48452229032428445
CTRL,5480,0.4339783397668184
CTRL,5673,0.46465155254725854
CTRL,7619,0.48146637918617713
CTRL,7988,0.4734061839305561
CTRL,8525,0.4769551190522735
ENTER,8981,0.499754773444125
ENTER,9549,0.4994389933751021
ENTER,9552,0.49174527977284727
ENTER,9631,0.4345456223681035
ENTER,9851,0.4869411567359162
ENTER,9857,0.4692519546493386
ENTER,9863,0.4399557676539349
ENTER,9877,0.4801123673003988
ENTER,9879,0.4709042668054235
ENTER,9889,0.4914546621694773
ENTER,9925,0.46818817537936913
ENTER,10213,0.473168896954157
ENTER,10215,0.47561626489893677
ENTER,10224,0.46429730232359084
ENTER,10231,0.44271304975620085
ENTER,10237,0.49223208398677
ENTER,10263,0.48364444280548885
ENTER,10272,0.49394514893224767
ENTER,10277,0.4924404154508673
ENTER,10323,0.4264789677726135
ENTER,10326,0.45085528985417256
ENTER,10327,0.4996003853651831
ENTER,10330,0.45660145118949413
ENTER,10333,0.4661290119190743
ENTER,10334,0.49907124056114693
ENTER,10341,0.4824257708369948
ENTER,10343,0.4950501455891589
NOKEY,3,0.4279345728710348
NOKEY,18,0.4929478243437986
NOKEY,23,0.4898863072959178
NOKEY,26,0.4243323632876942
NOKEY,30,0.44820267544176334
NOKEY,40,0.42483121353861514
NOKEY,41,0.4063235438076287
NOKEY,47,0.4859071246401588
NOKEY,51,0.3191139858310308
NOKEY,59,0.44820267544176334
NOKEY,60,0.46365936093017657
NOKEY,70,0.40464354279055914
NOKEY,72,0.4608543174017696
NOKEY,79,0.46432001952325597
NOKEY,95,0.4347429539806378
NOKEY,104,0.49974439088356926
NOKEY,108,0.438457212906036
NOKEY,125,0.4153721247440516
NOKEY,126,0.39600332059763843
NOKEY,136,0.49073306372783787
NOKEY,137,0.4101348244944655
NOKEY,142,0.4829864889074264
NOKEY,145,0.4276096735644427
NOKEY,153,0.46884488556757165
NOKEY,157,0.4445555622055162
NOKEY,162,0.39682928784608307
NOKEY,166,0.4519379575427005
NOKEY,167,0.3678136388896783
NOKEY,168,0.486559527819101
NOKEY,174,0.4276096735644427
NOKEY,177,0.4930501797441104
NOKEY,180,0.3982643696443824
NOKEY,181,0.3712187779180424
NOKEY,183,0.4582546872732524
NOKEY,184,0.45343279053001234
NOKEY,188,0.4995591374274517
NOKEY,192,0.4771353623524566
NOKEY,196,0.4975271310148423
NOKEY,200,0.41424409615731067
NOKEY,205,0.483260429806287
NOKEY,208,0.48722599081701656
NOKEY,209,0.469942561899686
NOKEY,216,0.4560250257585894
NOKEY,220,0.44026588967545965
NOKEY,224,0.4872339333153891
NOKEY,225,0.4127060202693358
NOKEY,235,0.4226313426045066
NOKEY,239,0.39531527272702527
NOKEY,240,0.4003680078457483
NOKEY,251,0.40184668637026494
NOKEY,254,0.4738919751629843
NOKEY,255,0.3842073147691121
NOKEY,256,0.4902048175008997
NOKEY,260,0.4808385930397864
NOKEY,269,0.46554815411163536
NOKEY,270,0.43286900309652304
NOKEY,278,0.4395637980843131
NOKEY,280,0.3651160578531828
NOKEY,281,0.408874736852495
NOKEY,286,0.45774597314090615
NOKEY,290,0.4947778256765533
NOKEY,297,0.45120230507625264
NOKEY,299,0.46115965107696505
NOKEY,304,0.3787774603245583
NOKEY,308,0.3226091576615787
NOKEY,310,0.4143237541709587
NOKEY,322,0.4689009202259365
NOKEY,324,0.4644930525076215
NOKEY,328,0.4658576790693609
NOKEY,337,0.3597941780143529
NOKEY,343,0.4867167325649017
NOKEY,346,0.49995589023868336
NOKEY,347,0.39917994454376293
NOKEY,355,0.4962800734801573
NOKEY,356,0.45082374392126845
NOKEY,357,0.4129722311736317
NOKEY,364,0.45339693144986837
NOKEY,366,0.4320414618701316
NOKEY,369,0.3600200174097449
NOKEY,371,0.49507997851062135
NOKEY,376,0.3882117079669483
NOKEY,379,0.4863859765124397
NOKEY,386,0.44549175330285234
NOKEY,390,0.459026463952706
NOKEY,392,0.33834839909253184
NOKEY,394,0.4952161103305204
NOKEY,416,0.4569825671041781
NOKEY,419,0.4906803543054612
NOKEY,423,0.4655647901818286
NOKEY,440,0.48830673343285885
NOKEY,443,0.4228631524189856
NOKEY,444,0.4269251391782039
NOKEY,448,0.4451815543770795
NOKEY,452,0.4500054796253781
NOKEY,454,0.4300692105148571
NOKEY,455,0.38532070218095077
NOKEY,456,0.47399468210943374
NOKEY,457,0.4946550644837722
NOKEY,462,0.4544583579528864
NOKEY,477,0.46008779061297983
NOKEY,478,0.4966207531559933
NOKEY,479,0.37021205975189964
NOKEY,483,0.42097337615750513
NOKEY,484,0.41562051209494705
NOKEY,485,0.46768466432725053
NOKEY,487,0.4738571373656612
NOKEY,491,0.4856285889756756
NOKEY,496,0.4983344768759513
NOKEY,501,0.40571862987303947
NOKEY,506,0.4288320343100827
NOKEY,509,0.44712758223899524
NOKEY,511,0.4598099426319413
NOKEY,514,0.38459140054486174
NOKEY,517,0.45046884410990423
NOKEY,524,0.4615804121778718
NOKEY,525,0.4862820435881313
NOKEY,527,0.48749959493824657
NOKEY,529,0.45045837555377344
NOKEY,538,0.44490654958771225
NOKEY,544,0.4766937379154407
NOKEY,546,0.4463196659076725
NOKEY,557,0.36667819937410784
NOKEY,563,0.4899343929643468
NOKEY,564,0.43262798511378736
NOKEY,566,0.4033371578249756
NOKEY,572,0.47616048913703585
NOKEY,573,0.39454849073723913
NOKEY,580,0.3366162711566643
NOKEY,582,0.45688043688477414
NOKEY,584,0.4550975292066378
NOKEY,593,0.46379137238477713
NOKEY,594,0.487157365700768
NOKEY,596,0.3309048682125956
NOKEY,604,0.4731332283429314
NOKEY,609,0.44897853760548523
NOKEY,611,0.3957157537849312
NOKEY,620,0.49948166822730117
NOKEY,624,0.4948901161288741
NOKEY,625,0.49631173284031854
NOKEY,629,0.36833423801002574
NOKEY,630,0.46682260210340987
NOKEY,635,0.4760343566770945
NOKEY,642,0.3918158984781759
NOKEY,646,0.4359782459222224
NOKEY,648,0.48750143218475556
NOKEY,651,0.41973986532872326
NOKEY,658,0.4297630752902818
NOKEY,659,0.3867406490749112
NOKEY,660,0.4421360942214091
NOKEY,662,0.4599654841048362
NOKEY,670,0.4007429572207399
NOKEY,671,0.4931895391326396
NOKEY,679,0.4509158052744542
NOKEY,681,0.4457326447069028
NOKEY,683,0.44584460291140104
NOKEY,685,0.4889579436265874
NOKEY,689,0.40989967893885076
NOKEY,705,0.47382479020095997
NOKEY,707,0.4331301078089935
NOKEY,714,0.3076667754821556
NOKEY,716,0.4645167272677106
NOKEY,719,0.4562649720178334
NOKEY,724,0.4769726507866301
NOKEY,726,0.3512915658959438
NOKEY,730,0.4882098729991473
NOKEY,731,0.4920791623266151
NOKEY,733,0.43788341665168573
NOKEY,735,0.47382479020095997
NOKEY,740,0.4934307988380651
NOKEY,743,0.44137448348031155
NOKEY,744,0.46826550148177587
NOKEY,745,0.4979461366895794
NOKEY,761,0.42309706391447566
NOKEY,773,0.45775946362708636
NOKEY,775,0.465512592672759
NOKEY,779,0.40216618388277375
NOKEY,780,0.4981188244084982
NOKEY,781,0.4884419165263583
NOKEY,785,0.4791676315824264
NOKEY,786,0.44234369904128723
NOKEY,787,0.45403056523212815
NOKEY,790,0.3856411888959228
NOKEY,791,0.37609600149739986
NOKEY,796,0.48906845157469714
NOKEY,800,0.46250508858328165
NOKEY,803,0.4226176573681516
NOKEY,806,0.48289699823711885
NOKEY,813,0.4608942472942036
NOKEY,818,0.4942123318659458
NOKEY,821,0.4924079236905583
NOKEY,827,0.43214752826026115
NOKEY,832,0.46240145964510954
NOKEY,833,0.3791291178518283
NOKEY,834,0.40645957922480375
NOKEY,835,0.4537495891998909
NOKEY,837,0.3623699330208648
NOKEY,850,0.48564353474540956
NOKEY,856,0.45953074313516074
NOKEY,860,0.46258619769219267
NOKEY,864,0.39425245303203466
NOKEY,868,0.4745863462649862
NOKEY,870,0.4278693968055718
NOKEY,877,0.44921382290779316
NOKEY,879,0.4830735032741799
NOKEY,886,0.4328565035443706
NOKEY,890,0.4989377934953265
NOKEY,896,0.3637846555420169
NOKEY,902,0.47224643018515494
NOKEY,907,0.481545141493798
NOKEY,909,0.4854959653473769
NOKEY,912,0.4904179872941339
NOKEY,913,0.4775149191858529
NOKEY,914,0.44184695430630205
NOKEY,917,0.34449646703236275
NOKEY,919,0.3955056783081785
NOKEY,927,0.3723590017925441
NOKEY,928,0.4924335088459888
NOKEY,930,0.46021245731063154
NOKEY,934,0.3923689502597034
NOKEY,935,0.48087572782246546
NOKEY,937,0.48173410735383626
NOKEY,942,0.4871865770237181
NOKEY,947,0.45293236363139466
NOKEY,951,0.4797233209331105
NOKEY,959,0.4163388523386117
NOKEY,961,0.46559509673363036
NOKEY,963,0.3565424355022443
NOKEY,966,0.4839096429544589
NOKEY,967,0.4751951086731342
NOKEY,970,0.4363205225170028
NOKEY,972,0.44278530449396286
NOKEY,978,0.36681453523011887
NOKEY,984,0.44384996551057115
NOKEY,991,0.457825550257036
NOKEY,992,0.46411099670610045
NOKEY,994,0.4636648306436839
NOKEY,995,0.4215072540924105
NOKEY,996,0.47368747532248556
NOKEY,1008,0.4057445364551695
NOKEY,1011,0.45729777518981984
NOKEY,1015,0.3945975750178787
NOKEY,1016,0.47406039682086837
NOKEY,1020,0.45286514636814
NOKEY,1022,0.4078671789944221
NOKEY,1026,0.43687415518301626
NOKEY,1032,0.4774223062152239
NOKEY,1035,0.4629189148504025
NOKEY,1040,0.37471958872559447
NOKEY,1041,0.49504242112787683
NOKEY,1061,0.4093693763639014
NOKEY,1064,0.4833704607036382
NOKEY,1069,0.4713553070256629
NOKEY,1070,0.4773580698525967
NOKEY,1071,0.40542276103594344
NOKEY,1076,0.4388499273086677
NOKEY,1077,0.3562677405686997
NOKEY,1078,0.43406201651554044
NOKEY,1079,0.44449706387904686
NOKEY,1081,0.4240625470164457
NOKEY,1083,0.3565565309031802
NOKEY,1086,0.4658019430650345
NOKEY,1094,0.4760535729956963
NOKEY,1105,0.45734821380370927
NOKEY,1112,0.4828038222249201
NOKEY,1120,0.4859154911280886
NOKEY,1121,0.46762105978373925
NOKEY,1124,0.43353730849564986
NOKEY,1126,0.4926841775821136
NOKEY,1128,0.4554612822677391
NOKEY,1132,0.47785147615206897
NOKEY,1137,0.4896088699287582
NOKEY,1139,0.49280317110879435
NOKEY,1147,0.45679982762122284
NOKEY,1153,0.39586052623676965
NOKEY,1154,0.4945375169948812
NOKEY,1157,0.450669102153463
NOKEY,1160,0.47925474243586835
NOKEY,1169,0.3580729597777775
NOKEY,1171,0.4843148841318306
NOKEY,1172,0.4368338756943168
NOKEY,1178,0.4996631262853095
NOKEY,1180,0.4834001948606651
NOKEY,1181,0.49009333915095854
NOKEY,1186,0.4702415552380666
NOKEY,1191,0.46934502198534195
NOKEY,1201,0.34428861209557987
NOKEY,1202,0.4546704215608597
NOKEY,1205,0.4343146585615674
NOKEY,1209,0.494524025275686
NOKEY,1210,0.4845377291570047
NOKEY,1212,0.4992062100663316
NOKEY,1224,0.4637711003349452
NOKEY,1227,0.43991959716056045
NOKEY,1228,0.3763267494441359
NOKEY,1230,0.42869916177460426
NOKEY,1235,0.4243474815060614
NOKEY,1241,0.34642975569326095
NOKEY,1242,0.44047192966441934
NOKEY,1245,0.4937962307488956
NOKEY,1249,0.4479836177365887
NOKEY,1252,0.4148231829206866
NOKEY,1253,0.4532259802053186
NOKEY,1255,0.4997961943846113
NOKEY,1257,0.3970530248230404
NOKEY,1261,0.4768005644633823
NOKEY,1264,0.4243474815060614
NOKEY,1265,0.4376023935027725
NOKEY,1271,0.36562276347461076
NOKEY,1273,0.4119950755779979
NOKEY,1274,0.4488354354387413
NOKEY,1278,0.4174102442366384
NOKEY,1280,0.48481023915672733
NOKEY,1281,0.44753050304647657
NOKEY,1282,0.41790763379205503
NOKEY,1286,0.4674313892455855
NOKEY,1302,0.418795384486733
NOKEY,1303,0.4959006110040917
NOKEY,1310,0.35930386202453274
NOKEY,1311,0.43779479962494866
NOKEY,1325,0.48190990160075986
NOKEY,1328,0.4030798336684287
NOKEY,1330,0.4987675400010836
NOKEY,1338,0.35479562781488494
NOKEY,1340,0.4687150651654987
NOKEY,1341,0.36253107689675024
NOKEY,1342,0.39864599108429716
NOKEY,1349,0.3938896606389502
NOKEY,1351,0.432511474670277
NOKEY,1357,0.4794026374950011
NOKEY,1360,0.4124693114906112
NOKEY,1361,0.41703017660954256
NOKEY,1365,0.35012956931228245
NOKEY,1366,0.4619248071943212
NOKEY,1370,0.4604281877176841
NOKEY,1372,0.37718136101282324
NOKEY,1375,0.48625490431275387
NOKEY,1380,0.4070836375988959
NOKEY,1384,0.4741934904542186
NOKEY,1387,0.4909239411865211
NOKEY,1389,0.44371390458715126
NOKEY,1391,0.41291752171727947
NOKEY,1392,0.4804172098231134
NOKEY,1393,0.4902311202003834
NOKEY,1396,0.4552717051296815
NOKEY,1397,0.38936202082144145
NOKEY,1401,0.4293579042181716
NOKEY,1402,0.4745883795957306
NOKEY,1406,0.4290907797212309
NOKEY,1412,0.45944015285125994
NOKEY,1416,0.4676974218740183
NOKEY,1418,0.4564061426634649
NOKEY,1422,0.41884418597160483
NOKEY,1428,0.4366233089291811
NOKEY,1432,0.48817080854236367
NOKEY,1436,0.40675145600665685
NOKEY,1438,0.4032167594723501
NOKEY,1440,0.4687858905223729
NOKEY,1446,0.4699169965108501
NOKEY,1447,0.4345230567907365
NOKEY,1461,0.4097395885976362
NOKEY,1467,0.4778672804202859
NOKEY,1469,0.4578657600789462
NOKEY,1476,0.42393277477111335
NOKEY,1479,0.42979312204602177
NOKEY,2151,0.49906548758707187
NOKEY,2155,0.4471319774138978
NOKEY,2159,0.34867881146587415
NOKEY,2166,0.4780914836756897
NOKEY,2168,0.48518424405253724
NOKEY,2170,0.4072831049353345
NOKEY,2175,0.4409125858901695
NOKEY,2180,0.39878396147777667
NOKEY,2182,0.49054676156433424
NOKEY,2185,0.4424484747164538
NOKEY,2193,0.4611279596142827
NOKEY,2194,0.4321049532340902
NOKEY,2206,0.4592198970712586
NOKEY,2218,0.45650910093919206
NOKEY,2219,0.48881821482934945
NOKEY,2230,0.449511771685709
NOKEY,2238,0.4042295503606872
NOKEY,2240,0.48392183853972986
NOKEY,2243,0.38849573202036203
NOKEY,2247,0.47817806884408076
NOKEY,2249,0.45511391171929283
NOKEY,2250,0.3998964623447132
NOKEY,2251,0.4268118412972804
NOKEY,2265,0.35282659280509987
NOKEY,2266,0.42590248985421064
NOKEY,2270,0.4656206757625974
NOKEY,2276,0.49053388537676823
NOKEY,2282,0.496814317873809
NOKEY,2284,0.48432652395653214
NOKEY,2285,0.473919151669677
NOKEY,2287,0.4394199157982111
NOKEY,2289,0.43085425129776195
NOKEY,2294,0.41972606522290995
NOKEY,2295,0.4961324320637248
NOKEY,2301,0.4871246649598587
NOKEY,2302,0.41806945889540853
NOKEY,2311,0.4494093280955483
NOKEY,2313,0.4391503144905971
NOKEY,2320,0.4152590263769726
NOKEY,2331,0.4333287366619811
NOKEY,2332,0.3753279490988197
NOKEY,2336,0.4870901097898247
NOKEY,2337,0.33371301865460895
NOKEY,2344,0.4650993784586081
NOKEY,2349,0.419657889622383
NOKEY,2360,0.35499755081365486
NOKEY,2363,0.3451074752028459
NOKEY,2364,0.4707191684003096
NOKEY,2365,0.37890202711733756
NOKEY,2366,0.42189986907962135
NOKEY,2367,0.3995794692165868
NOKEY,2368,0.32866653035230353
NOKEY,2371,0.4604245450801231
NOKEY,2385,0.4528558592764713
NOKEY,2388,0.4796896216089033
NOKEY,2391,0.39852389284644324
NOKEY,2395,0.43996074379185857
NOKEY,2397,0.4018584946392013
NOKEY,2400,0.45996487090126503
NOKEY,2401,0.452293642222632
NOKEY,2404,0.4707899834683237
NOKEY,2406,0.4538061688025912
NOKEY,2408,0.4721542025628795
NOKEY,2412,0.43157297571399944
NOKEY,2414,0.49626225696209947
NOKEY,2418,0.35564489303133956
NOKEY,2422,0.46538726791994484
NOKEY,2423,0.4198897890640145
NOKEY,2427,0.4993581438016101
NOKEY,2434,0.47877451804742327
NOKEY,2438,0.2980260279002786
NOKEY,2440,0.35020727086963976
NOKEY,2446,0.4143639021699758
NOKEY,2451,0.36947445871339835
NOKEY,2452,0.4981411529148984
NOKEY,2454,0.3077646103618533
NOKEY,2461,0.49008597614136234
NOKEY,2476,0.49706987451229595
NOKEY,2504,0.45482923903925787
NOKEY,2517,0.4405256613932913
NOKEY,2522,0.3733890109352534
NOKEY,2524,0.40963287197427406
NOKEY,2534,0.4609849408602664
NOKEY,2538,0.34179022201132553
NOKEY,2541,0.35224576234858657
NOKEY,2546,0.4362572233488963
NOKEY,2551,0.46658920710920415
NOKEY,2560,0.4149735290402035
NOKEY,2562,0.47152034510848195
NOKEY,2569,0.4641116473837324
NOKEY,2570,0.414031510138097
NOKEY,2571,0.4448451145252651
NOKEY,2574,0.3574864484362368
NOKEY,2576,0.39774352750351877
NOKEY,2577,0.40705137300610794
NOKEY,2579,0.4761581885914735
NOKEY,2580,0.4938803179182576
NOKEY,2583,0.3700798456837989
NOKEY,2585,0.4178799388164404
NOKEY,2593,0.3815611948553052
NOKEY,2596,0.4077149818732505
NOKEY,2599,0.4726619833817137
NOKEY,2601,0.4658774999888906
NOKEY,2610,0.46463877665463793
NOKEY,2611,0.4950326948321389
NOKEY,2614,0.4773669590523907
NOKEY,2620,0.4606644686836456
NOKEY,2623,0.49720900963110315
NOKEY,2628,0.48754221023683625
NOKEY,2633,0.431013860250046
NOKEY,2634,0.4355262833944992
NOKEY,2636,0.4786571285451472
NOKEY,2637,0.44516645712831104
NOKEY,2641,0.47479026942809777
NOKEY,2644,0.4773669590523907
NOKEY,2652,0.3856059734109969
NOKEY,2655,0.4188821281796166
NOKEY,2657,0.4831799332149586
NOKEY,2668,0.479299871141896
NOKEY,2669,0.4517727848398953
NOKEY,2683,0.46093723294252054
NOKEY,2684,0.48164621610805997
NOKEY,2686,0.42894676180708236
NOKEY,2687,0.44489460952686033
NOKEY,2691,0.37924368409175735
NOKEY,2695,0.46672397216820233
NOKEY,2706,0.4100329429368451
NOKEY,2725,0.48542038730830395
NOKEY,2726,0.4803425188248983
NOKEY,2727,0.4669776277853602
NOKEY,2734,0.2819613957236302
NOKEY,2739,0.4849560196826998
NOKEY,2740,0.3904985632026139
NOKEY,2746,0.4527011316177218
NOKEY,2750,0.41350353614704505
NOKEY,2754,0.4767989632055732
NOKEY,2764,0.4492602648582128
NOKEY,2765,0.48673076816419103
NOKEY,2767,0.43201792312411713
NOKEY,2769,0.4061667678575795
NOKEY,2784,0.4651540938425965
NOKEY,2787,0.47011382314338224
NOKEY,2792,0.46504445782671966
NOKEY,2795,0.49926789347247374
NOKEY,2796,0.436229134820798
NOKEY,2812,0.3820849429853044
NOKEY,2813,0.48662737151261987
NOKEY,2816,0.4841336334562851
NOKEY,2818,0.4338081091149864
NOKEY,2824,0.48286243788825856
NOKEY,2828,0.4381315032985121
NOKEY,2831,0.4865571118719477
NOKEY,2835,0.495275523254669
NOKEY,2841,0.49182759862069747
NOKEY,2846,0.4253762364599019
NOKEY,2856,0.41923836374242274
NOKEY,2857,0.4893743232866595
NOKEY,2871,0.4431871696374937
NOKEY,2877,0.4211079120746058
NOKEY,2879,0.36045453418849804
NOKEY,2884,0.48233943025465625
NOKEY,2890,0.486098593015898
NOKEY,2896,0.4782924866356496
NOKEY,2897,0.39845010112248175
NOKEY,2903,0.44680612962472294
NOKEY,2907,0.4837904850110359
NOKEY,2909,0.3450927659352557
NOKEY,2920,0.4602887227035129
NOKEY,2924,0.4965123572946617
NOKEY,2930,0.4652603679861765
NOKEY,2932,0.4569621122475977
NOKEY,2939,0.4840235483570014
NOKEY,2940,0.47943124670166615
NOKEY,2944,0.4397131355836191
NOKEY,2946,0.47796314507657567
NOKEY,2957,0.46030442899952184
NOKEY,2958,0.48267038306326043
NOKEY,2959,0.4842429012710642
NOKEY,2966,0.49976462645913283
NOKEY,2971,0.40573471877694184
NOKEY,2972,0.44551023454664257
NOKEY,2981,0.42941417564283185
NOKEY,2983,0.49648776399101724
NOKEY,2985,0.4480396248608237
NOKEY,2987,0.4670499108991254
NOKEY,3005,0.4659913487791359
NOKEY,3009,0.3937124973417266
NOKEY,5048,0.47412100600706736
NOKEY,5077,0.4058036810753354
NOKEY,5079,0.47788556144177247
NOKEY,5082,0.45482649346791115
NOKEY,5083,0.4717220922318018
NOKEY,5087,0.46256462773749524
NOKEY,5089,0.4397760835025914
NOKEY,5095,0.38484802284535047
NOKEY,5099,0.49134245242406255
NOKEY,5100,0.48108119637408386
NOKEY,5103,0.49332536255767767
NOKEY,5105,0.43304799425575463
NOKEY,5108,0.47788556144177247
NOKEY,5109,0.43450958468245326
NOKEY,5112,0.4902784577164923
NOKEY,5119,0.3758221850730752
NOKEY,5120,0.4321948071358422
NOKEY,5128,0.4501121094160255
NOKEY,5131,0.4186956245296473
NOKEY,5145,0.3985396701090824
NOKEY,5146,0.415906674744476
NOKEY,5148,0.49322103034401515
NOKEY,5156,0.41464793640022446
NOKEY,5179,0.43229238520968255
NOKEY,5181,0.36837667757962445
NOKEY,5185,0.40984381717410356
NOKEY,5186,0.4936448289298998
NOKEY,5189,0.38554716220190505
NOKEY,5193,0.377825227610198
NOKEY,5194,0.41863600397218115
NOKEY,5195,0.40227866786294425
NOKEY,5198,0.45404987182791195
NOKEY,5202,0.3780118073851713
NOKEY,5207,0.41990264255229726
NOKEY,5209,0.4548860382654892
NOKEY,5211,0.47523286217781086
NOKEY,5215,0.4282512757814713
NOKEY,5217,0.4329235568168388
NOKEY,5229,0.42053544582265645
NOKEY,5230,0.3795999618450579
NOKEY,5231,0.4759911443152853
NOKEY,5237,0.49737777331201516
NOKEY,5239,0.4785229684599488
NOKEY,5245,0.3908257316312613
NOKEY,5246,0.37538551677611864
NOKEY,5247,0.42761655005964544
NOKEY,5248,0.43295901857908115
NOKEY,5250,0.4912339253232496
NOKEY,5251,0.41997965918121
NOKEY,5260,0.47246106276919986
NOKEY,5262,0.34021807988908875
NOKEY,5265,0.4654398572278041
NOKEY,5269,0.39388969503125726
NOKEY,5271,0.48586815029134994
NOKEY,5275,0.3928017889308559
NOKEY,5278,0.47628053635211487
NOKEY,5281,0.4089112879721329
NOKEY,5301,0.43307579859984063
NOKEY,5302,0.44594938870374395
NOKEY,5314,0.49714596470941624
NOKEY,5322,0.3932263686200501
NOKEY,5324,0.4492904127917973
NOKEY,5328,0.4382412828339124
NOKEY,5332,0.48970542224340907
NOKEY,5336,0.3966780815216141
NOKEY,5337,0.4964464631568727
NOKEY,5344,0.47696724069816665
NOKEY,5345,0.4907367464111267
NOKEY,5346,0.4894959163738817
NOKEY,5348,0.48868021844907517
NOKEY,5349,0.4526658865613085
NOKEY,5352,0.44653341420710513
NOKEY,5371,0.4689049895773081
NOKEY,5372,0.4877237160330433
NOKEY,5373,0.4115692387013192
NOKEY,5374,0.37390607290965333
NOKEY,5380,0.38228880311898694
NOKEY,5383,0.4357430384735696
NOKEY,5392,0.4544551876626299
NOKEY,5394,0.4487509369294793
NOKEY,5406,0.39342586648587957
NOKEY,5421,0.4621716347898039
NOKEY,5432,0.45708062174644876
NOKEY,5434,0.47329113463311506
NOKEY,5435,0.4743294942127685
NOKEY,5441,0.4618272623650363
NOKEY,5445,0.49284476199023425
NOKEY,5448,0.46934336602519583
NOKEY,5457,0.43003857829924963
NOKEY,5463,0.36070067435958736
NOKEY,5471,0.482735241838279
NOKEY,5478,0.41551991671241584
NOKEY,5483,0.4761316672347547
NOKEY,5488,0.44212049758164124
NOKEY,5493,0.4617221243618782
NOKEY,5498,0.4925069346818457
NOKEY,5508,0.4654738556235485
NOKEY,5512,0.45195221475616654
NOKEY,5526,0.43716732383903495
NOKEY,5527,0.4882339502975051
NOKEY,5529,0.49827998983433686
NOKEY,5532,0.48802898680610673
NOKEY,5537,0.4123951086336059
NOKEY,5541,0.44077481400877194
NOKEY,5542,0.4085376734186504
NOKEY,5547,0.49222235421310756
NOKEY,5550,0.43603300286550917
NOKEY,5553,0.41614814288952334
NOKEY,5556,0.46319417840918403
NOKEY,5558,0.4966877389588999
NOKEY,5561,0.4150144923517594
NOKEY,5565,0.392675525428854
NOKEY,5569,0.44348576381094845
NOKEY,5576,0.31875231767772
NOKEY,5577,0.4688218281662207
NOKEY,5582,0.3463340216877309
NOKEY,5583,0.45366487031810626
NOKEY,5585,0.4618131309885001
NOKEY,5595,0.46053834007111866
NOKEY,5596,0.48162189672734484
NOKEY,5597,0.4313006419048988
NOKEY,5608,0.4998212785216306
NOKEY,5625,0.47677845979440336
NOKEY,5627,0.4463076858295565
NOKEY,5628,0.4859143585439379
NOKEY,5633,0.4737966667443118
NOKEY,5635,0.3508435764205044
NOKEY,5652,0.4919032760911293
NOKEY,5658,0.42467971908640034
NOKEY,5659,0.34570256424082246
NOKEY,5678,0.3418105292648605
NOKEY,5679,0.4950701036153224
NOKEY,5685,0.47291476794809223
NOKEY,5688,0.48862502926414814
NOKEY,5691,0.4775392648679222
NOKEY,5693,0.4813337477921033
NOKEY,5697,0.4467475332914376
NOKEY,5709,0.39089105654102213
NOKEY,5714,0.4392164232477458
NOKEY,5715,0.4667897648166364
NOKEY,5718,0.4871377685135243
NOKEY,5723,0.4515044476753347
NOKEY,5726,0.47394202466797836
NOKEY,5731,0.46323013456891865
NOKEY,5734,0.481801031667854
NOKEY,5741,0.4652242471808046
NOKEY,5752,0.4652627100639221
NOKEY,5756,0.4680915257642972
NOKEY,5763,0.4805031795826788
NOKEY,5764,0.4481162126193302
NOKEY,5769,0.4797764532003222
NOKEY,5770,0.3962038211333806
NOKEY,5772,0.398979357468384
NOKEY,5778,0.4477656813589294
NOKEY,5779,0.38781504289426133
NOKEY,5782,0.39758305924281884
NOKEY,5787,0.4795109781182424
NOKEY,5794,0.4736614886650955
NOKEY,5799,0.37489865747397694
NOKEY,5805,0.3623316171103669
NOKEY,5807,0.48358814045948284
NOKEY,5813,0.3891151107263129
NOKEY,5827,0.4416818431856026
NOKEY,5830,0.4536346226118971
NOKEY,5832,0.44886195693130193
NOKEY,5836,0.4471953541316678
NOKEY,5843,0.3891151107263129
NOKEY,5849,0.4627871978987807
NOKEY,5851,0.4638314240024967
NOKEY,5855,0.46664981514705645
NOKEY,5856,0.4371574266274548
NOKEY,5857,0.44524626887036756
NOKEY,5858,0.4623014442936786
NOKEY,5865,0.4706406280618603
NOKEY,5869,0.42757864857397704
NOKEY,5880,0.47741701880689985
NOKEY,5883,0.4789385284745406
NOKEY,5893,0.41053259853372914
NOKEY,5896,0.3727741158207262
NOKEY,5897,0.4061662933241139
NOKEY,5899,0.46461160146431746
NOKEY,6046,0.4985008437175237
NOKEY,6060,0.4852604640681047
NOKEY,6062,0.47262334140639806
NOKEY,6063,0.4727097110869658
NOKEY,6064,0.3944234933415021
NOKEY,6068,0.470451214958822
NOKEY,6077,0.4953427264892932
NOKEY,6083,0.4137900253522202
NOKEY,6090,0.4828291834733677
NOKEY,6093,0.400211153568593
NOKEY,6098,0.4381925664379671
NOKEY,6099,0.47465019548021203
NOKEY,6103,0.39604052884647434
NOKEY,6138,0.4841974166559988
NOKEY,6143,0.4497283927761129
NOKEY,6148,0.47716540310652067
NOKEY,6158,0.47417656557251275
NOKEY,6159,0.4131661817596372
NOKEY,6173,0.490017092814508
NOKEY,6187,0.43647184360070046
NOKEY,6195,0.40938062600387876
NOKEY,6200,0.4963788152500609
NOKEY,6208,0.49204742370897414
NOKEY,6210,0.4868910470468126
NOKEY,6219,0.4691063790315723
NOKEY,6221,0.45104274051679577
NOKEY,6229,0.49421698099915673
NOKEY,6234,0.49901061448733347
NOKEY,6250,0.4623578586670019
NOKEY,6256,0.46269647078706205
NOKEY,6257,0.43785379586866024
NOKEY,6268,0.4829435697098863
NOKEY,6421,0.42129674092615527
NOKEY,6423,0.37013048082144395
NOKEY,6431,0.47019087893310973
NOKEY,6432,0.49749677039694107
NOKEY,6433,0.3581332045611885
NOKEY,6434,0.4045831364665934
NOKEY,6435,0.37854293868187633
NOKEY,6437,0.4429226200310957
NOKEY,6438,0.4974124101817268
NOKEY,6442,0.4443483631128327
NOKEY,6443,0.47634477833277966
NOKEY,6446,0.49733009245424753
NOKEY,6449,0.4584608641315751
NOKEY,6452,0.4295857456997273
NOKEY,6468,0.4807287995774872
NOKEY,6473,0.36777025513803174
NOKEY,6481,0.47883874896760953
NOKEY,6489,0.4578734592196398
NOKEY,6492,0.3750476345110429
NOKEY,6494,0.4880463953785035
NOKEY,6495,0.4886580563062039
NOKEY,6508,0.4166386114103895
NOKEY,6518,0.4578734592196398
NOKEY,6519,0.37541234672043716
NOKEY,6520,0.4900849793196693
NOKEY,6521,0.46176748356412306
NOKEY,6523,0.48266575535637485
NOKEY,6529,0.4949721996966116
NOKEY,6537,0.44711171757583434
NOKEY,6541,0.4659393089816982
NOKEY,6543,0.4849635943656325
NOKEY,6564,0.4408791826806603
NOKEY,6565,0.3728510855881351
NOKEY,6567,0.4952362642085125
NOKEY,6575,0.47579007476206187
NOKEY,6577,0.4219137474840258
NOKEY,6578,0.42597897446819216
NOKEY,6581,0.42643874404113846
NOKEY,6582,0.45758770118214437
NOKEY,6584,0.4376555560532779
NOKEY,6597,0.4676811672526447
NOKEY,6607,0.42597897446819216
NOKEY,6615,0.4519499907252517
NOKEY,6736,0.43266171920720226
NOKEY,6737,0.46472812559285326
NOKEY,6741,0.46266451634556577
NOKEY,6742,0.49867662938025925
NOKEY,6746,0.4004335553769864
NOKEY,6760,0.43646236124545684
NOKEY,6763,0.4645622395810655
NOKEY,6768,0.39490409717864494
NOKEY,6769,0.47820204346930606
NOKEY,6773,0.4459642932751834
NOKEY,6775,0.4185768280520494
NOKEY,6776,0.4350782889396021
NOKEY,6777,0.41258147048825144
NOKEY,6778,0.3913381014759837
NOKEY,6779,0.4511556525007402
NOKEY,6786,0.35042920076586387
NOKEY,6794,0.4392896599804006
NOKEY,6802,0.4176485183350886
NOKEY,6805,0.42771137390892155
NOKEY,6809,0.44480600033503015
NOKEY,6810,0.41422152913262966
NOKEY,6811,0.38635262923391717
NOKEY,6813,0.45608463887336564
NOKEY,6819,0.48635753867935283
NOKEY,6820,0.4925258482621156
NOKEY,6821,0.3750956399991512
NOKEY,6824,0.4639063651600675
NOKEY,6834,0.4444273687609111
NOKEY,6835,0.4391874222685397
NOKEY,6841,0.43748728529492564
NOKEY,6852,0.38152527780243284
NOKEY,6865,0.4657473774576613
NOKEY,6868,0.4853988166106431
NOKEY,6874,0.319090758839118
NOKEY,6879,0.4726884963996202
NOKEY,6880,0.45223841627813527
NOKEY,6881,0.47674958356706787
NOKEY,6882,0.4478365642683536
NOKEY,6884,0.3799226118112415
NOKEY,6885,0.40050136457109936
NOKEY,6887,0.4769307175711804
NOKEY,6888,0.46007004736950763
NOKEY,6891,0.49364061646681157
NOKEY,6894,0.43478811209290685
NOKEY,6895,0.45585980502428036
NOKEY,6897,0.36311635264657544
NOKEY,6902,0.49954578899273483
NOKEY,6903,0.48609967425351386
NOKEY,6909,0.4794058392753462
NOKEY,6910,0.4789410647297115
NOKEY,6913,0.4036930836821133
NOKEY,6915,0.42353109761655644
NOKEY,6916,0.49249588661024746
NOKEY,6917,0.48980863630411964
NOKEY,6919,0.47151878751460063
NOKEY,6923,0.38703879323206614
NOKEY,6924,0.44217459268393877
NOKEY,6927,0.41005150604391005
NOKEY,6930,0.40973511981711414
NOKEY,6942,0.4997622499783852
NOKEY,6948,0.3992269842653507
NOKEY,6952,0.48616729572268547
NOKEY,6958,0.4346902406351251
NOKEY,6973,0.43691162363101727
NOKEY,6974,0.47717100687124026
NOKEY,6980,0.4215047411759341
NOKEY,6981,0.3626719946500838
NOKEY,6985,0.41820609405545245
NOKEY,6989,0.4887805793790352
NOKEY,6993,0.41468260313842953
NOKEY,6995,0.4604996788426157
NOKEY,6996,0.4779455336951552
NOKEY,6997,0.4260485701285851
NOKEY,6999,0.48360810747859695
NOKEY,7011,0.48208754863042014
NOKEY,7012,0.4425826833465558
NOKEY,7013,0.4052451500434833
NOKEY,7014,0.40082563796134196
NOKEY,7016,0.4506542888993933
NOKEY,7017,0.4144301819655998
NOKEY,7022,0.41468260313842953
NOKEY,7023,0.433092616734717
NOKEY,7158,0.446036218058076
NOKEY,7160,0.42140999597976503
NOKEY,7162,0.4882250868103602
NOKEY,7167,0.39852598379207826
NOKEY,7171,0.49618963759554124
NOKEY,7179,0.48045001502017204
NOKEY,7180,0.4339618555669863
NOKEY,7182,0.49933926014359503
NOKEY,7184,0.41715446539576717
NOKEY,7192,0.36114996217044437
NOKEY,7196,0.35969625173229086
NOKEY,7197,0.3892897795736603
NOKEY,7200,0.49105447259925006
NOKEY,7202,0.3966315426695267
NOKEY,7204,0.4807109865536503
NOKEY,7207,0.4462100420190905
NOKEY,7209,0.4423987155499043
NOKEY,7215,0.44731121469604984
NOKEY,7220,0.49043709408735536
NOKEY,7224,0.4104235308461095
NOKEY,7228,0.49835120497847174
NOKEY,7233,0.43111527279508655
NOKEY,7235,0.4536620830920849
NOKEY,7236,0.4429029680131866
NOKEY,7237,0.49080538050274447
NOKEY,7250,0.46152205471160246
NOKEY,7267,0.4463532180521195
NOKEY,7282,0.329869857209016
NOKEY,7283,0.47329429422665437
NOKEY,7287,0.4073724146917169
NOKEY,7293,0.30418875234670706
NOKEY,7295,0.4730725371728589
NOKEY,7300,0.4991971091268244
NOKEY,7303,0.4375030315400337
NOKEY,7304,0.4438034806708323
NOKEY,7308,0.4876293768632531
NOKEY,7311,0.44502377123664677
NOKEY,7314,0.451657176957024
NOKEY,7319,0.33492012252214376
NOKEY,7321,0.4217591621350183
NOKEY,7330,0.4064037917937844
NOKEY,7346,0.4521398231147202
NOKEY,7348,0.4008483523599728
NOKEY,7351,0.4814309242310184
NOKEY,7356,0.49267830072803204
NOKEY,7367,0.4219151140516377
NOKEY,7370,0.4896318056213002
NOKEY,7371,0.48681853553932447
NOKEY,7376,0.45142848490737314
NOKEY,7386,0.49879410161897625
NOKEY,7396,0.48132107119742495
NOKEY,7401,0.4156161079125922
NOKEY,7409,0.4236281351619823
NOKEY,7416,0.4239992860456348
NOKEY,7419,0.41270274272982804
NOKEY,7423,0.426229173172549
NOKEY,7544,0.4853690679179274
NOKEY,7546,0.44493637155421817
NOKEY,7549,0.4989274850496544
NOKEY,7556,0.4865306303776474
NOKEY,7557,0.4612224723778402
NOKEY,7563,0.41738194288198605
NOKEY,7565,0.4657562339190371
NOKEY,7567,0.46412573965732395
NOKEY,7568,0.48493933966104535
NOKEY,7571,0.45130086655993634
NOKEY,7574,0.4272395042302309
NOKEY,7577,0.491172995434156
NOKEY,7581,0.47032264625769105
NOKEY,7582,0.4778929977901546
NOKEY,7586,0.4890629666682534
NOKEY,7587,0.49442269025469593
NOKEY,7588,0.49522321868531427
NOKEY,7591,0.43668468059540055
NOKEY,7593,0.40259035442364266
NOKEY,7595,0.46410294727744306
NOKEY,7596,0.4851892320589754
NOKEY,7597,0.4840184022643056
NOKEY,7598,0.4880538358765297
NOKEY,7599,0.4856185295600994
NOKEY,7601,0.4440240763760803
NOKEY,7603,0.3748691270129812
NOKEY,7604,0.4358897363229465
NOKEY,7610,0.3933589093431134
NOKEY,7615,0.46582574078389255
NOKEY,7616,0.4492708268194011
NOKEY,7619,0.4059569522982523
NOKEY,7622,0.4608326597846911
NOKEY,7639,0.49281357680543736
NOKEY,7640,0.4890488813699512
NOKEY,7647,0.4578702699277515
NOKEY,7649,0.46744401191498547
NOKEY,7651,0.4642697443528774
NOKEY,7654,0.48736466754448415
NOKEY,7662,0.4639808848305544
NOKEY,7666,0.48394463848548425
NOKEY,7667,0.4205952770056167
NOKEY,7673,0.4985689978251358
NOKEY,7675,0.44176510762416016
NOKEY,7677,0.4470940947157032
NOKEY,7682,0.4858998023477446
NOKEY,7686,0.47232980624063997
NOKEY,7689,0.41146786663690005
NOKEY,7696,0.48021063868581293
NOKEY,7697,0.4847122890142142
NOKEY,7700,0.3836292293568334
NOKEY,7701,0.41228963123476753
NOKEY,7708,0.4913980900429538
NOKEY,7713,0.45660667418262546
NOKEY,7715,0.4802270265466963
NOKEY,7716,0.4432634748195381
NOKEY,7717,0.44926708047184893
NOKEY,7719,0.42939393795125763
NOKEY,7724,0.45753791207295524
NOKEY,7725,0.4905442943906909
NOKEY,7728,0.4828307186540318
NOKEY,7733,0.43715089047263045
NOKEY,7742,0.45196752150604474
NOKEY,7754,0.4498865870592357
NOKEY,7768,0.4173317242209955
NOKEY,7770,0.44988111507153206
NOKEY,7771,0.4821576430034802
NOKEY,7776,0.43072253672381183
NOKEY,7791,0.48865802078222337
NOKEY,7794,0.47285934522681544
NOKEY,7797,0.35981225082561047
NOKEY,7798,0.44238153906459765
NOKEY,7801,0.4201601935444912
NOKEY,7803,0.4553662471813085
NOKEY,7934,0.4583623659833374
NOKEY,7935,0.42246348323873867
NOKEY,7943,0.427216661793067
NOKEY,7944,0.39994171892697333
NOKEY,7946,0.414219953076288
NOKEY,7947,0.4616600811303936
NOKEY,7952,0.4866672712733667
NOKEY,7959,0.355244915810552
NOKEY,7961,0.4590464909211974
NOKEY,7974,0.4919637533357987
NOKEY,7988,0.4256973001799142
NOKEY,7990,0.4738782792850197
NOKEY,7992,0.46079628461253674
NOKEY,7999,0.47275306364871167
NOKEY,8001,0.48991716754903786
NOKEY,8007,0.4287060500176233
NOKEY,8011,0.445214182758308
NOKEY,8014,0.49444467591309194
NOKEY,8020,0.4983426184622839
NOKEY,8023,0.46315057335813203
NOKEY,8027,0.4735581804369771
NOKEY,8029,0.4709045285066034
NOKEY,8030,0.422753943084685
NOKEY,8037,0.4544321695446252
NOKEY,8041,0.448645808649447
NOKEY,8043,0.45549530079789863
NOKEY,8045,0.48772622689087647
NOKEY,8059,0.3327036026164948
NOKEY,8063,0.4435788957181454
NOKEY,8065,0.4644804362937535
NOKEY,8068,0.4437327539541034
NOKEY,8069,0.36452642687673065
NOKEY,8074,0.4656601309497831
NOKEY,8075,0.4487835385971946
NOKEY,8082,0.2992822097060422
NOKEY,8087,0.49747970358278926
NOKEY,8094,0.4049656854454367
NOKEY,8096,0.4983613122628446
NOKEY,8104,0.4325265801024418
NOKEY,8109,0.45411036812814976
NOKEY,8110,0.48462023282683947
NOKEY,8119,0.46708324232348375
NOKEY,8122,0.42289474989400566
NOKEY,8124,0.4403340163415046
NOKEY,8126,0.3620027909241435
NOKEY,8129,0.44177026684200005
NOKEY,8131,0.4623534864060565
NOKEY,8132,0.4568805367922845
NOKEY,8136,0.44860641916968436
NOKEY,8144,0.49652960118739137
NOKEY,8150,0.4946740656259789
NOKEY,8151,0.45866201633467885
NOKEY,8155,0.4945339006887281
NOKEY,8156,0.48272032533042747
NOKEY,8160,0.4623534864060565
NOKEY,8161,0.4824630379869448
NOKEY,8162,0.4969099400281518
NOKEY,8163,0.45231498601323916
NOKEY,8166,0.44684032002744933
NOKEY,8298,0.4831886194270152
NOKEY,8299,0.4105455493015851
NOKEY,8306,0.4919785876589763
NOKEY,8307,0.4484845123232675
NOKEY,8308,0.3518191929309888
NOKEY,8309,0.45697569573451563
NOKEY,8310,0.4970548531136828
NOKEY,8315,0.34238399406993597
NOKEY,8317,0.44176434590353825
NOKEY,8318,0.46465775120368047
NOKEY,8320,0.4525100598830963
NOKEY,8324,0.4555427700659871
NOKEY,8325,0.4927083263582235
NOKEY,8326,0.4162728392883284
NOKEY,8329,0.33929122285238084
NOKEY,8333,0.48614209440090955
NOKEY,8339,0.484127432889307
NOKEY,8349,0.4984974224835075
NOKEY,8350,0.3928903797385071
NOKEY,8352,0.47318897489131045
NOKEY,8356,0.4472786109525674
NOKEY,8357,0.45896063479864724
NOKEY,8365,0.465471924586841
NOKEY,8366,0.42001476205871857
NOKEY,8376,0.40370870964079675
NOKEY,8388,0.4702748347096846
NOKEY,8393,0.35008043119156473
NOKEY,8402,0.49815998565790715
NOKEY,8409,0.49942697149534615
NOKEY,8412,0.40916040246904617
NOKEY,8415,0.4451526844417159
NOKEY,8422,0.3974897944078812
NOKEY,8425,0.4982819532861771
NOKEY,8438,0.41667091432805237
NOKEY,8444,0.46911477697706033
NOKEY,8449,0.31683226645202117
NOKEY,8450,0.4929462684830083
NOKEY,8451,0.483603206216332
NOKEY,8459,0.4750987800629127
NOKEY,8463,0.4740111923211035
NOKEY,8464,0.3869823433178694
NOKEY,8467,0.42047389685198006
NOKEY,8468,0.49227084324005127
NOKEY,8477,0.3493272326497055
NOKEY,8480,0.43238788539117445
NOKEY,8488,0.3628862601310519
NOKEY,8492,0.48798099062971567
NOKEY,8508,0.44984070192342324
NOKEY,8511,0.4465192679699121
NOKEY,8513,0.49685074216763375
NOKEY,8514,0.4823404607011182
NOKEY,8525,0.4511421032943209
NOKEY,8526,0.49848059043730875
NOKEY,8530,0.48546917383988925
NOKEY,8539,0.4631258588062703
NOKEY,8540,0.4714820489455571
NOKEY,8543,0.49784666516575343
NOKEY,8544,0.48391713581167345
NOKEY,8679,0.3982108744241949
NOKEY,8682,0.4498740750420363
NOKEY,8684,0.4928539918040966
NOKEY,8689,0.37030477202150963
NOKEY,8694,0.4704738530101259
NOKEY,8708,0.38812148076590697
NOKEY,8710,0.43305043907992236
NOKEY,8711,0.4352748538908851
NOKEY,8712,0.4898780900696772
NOKEY,8722,0.48627268125386447
NOKEY,8729,0.40500257667115447
NOKEY,8732,0.48879845590573917
NOKEY,8734,0.48918277008206096
NOKEY,8737,0.4770431565897864
NOKEY,8745,0.3765822748262026
NOKEY,8752,0.3184951799693204
NOKEY,8762,0.44133804256434156
NOKEY,8770,0.425034291000111
NOKEY,8771,0.47795555823998664
NOKEY,8782,0.42415259462202726
NOKEY,8784,0.49030673615539105
NOKEY,8786,0.4791814417094677
NOKEY,8792,0.473687836014259
NOKEY,8793,0.47556928475116705
NOKEY,8795,0.49853444067000025
NOKEY,8798,0.47695618927279615
NOKEY,8809,0.40224409177835835
NOKEY,8812,0.44330607241465986
NOKEY,8813,0.44386125304783786
NOKEY,8820,0.4477802796794883
NOKEY,8822,0.4315124484773887
NOKEY,8831,0.3911316511420092
NOKEY,8839,0.40224409177835835
NOKEY,8842,0.4345209536483651
NOKEY,8846,0.42651786267838276
NOKEY,8853,0.43808103311277774
NOKEY,8858,0.4307779217707762
NOKEY,8860,0.4805563432595615
NOKEY,8863,0.4433542163964755
NOKEY,8867,0.46127606888668254
NOKEY,8871,0.4768376933377422
NOKEY,8872,0.4423329891098303
NOKEY,8876,0.46171342902288737
NOKEY,8882,0.4078943102889993
NOKEY,8884,0.47961459655976635
NOKEY,8896,0.45082287727807824
NOKEY,9015,0.3507437045456888
NOKEY,9031,0.44039507290704233
NOKEY,9033,0.49631086468024943
NOKEY,9039,0.4924173298893232
NOKEY,9041,0.4797836931653124
NOKEY,9043,0.3915810283786389
NOKEY,9045,0.3507437045456888
NOKEY,9047,0.4019273543783267
NOKEY,9054,0.4954538732885623
NOKEY,9058,0.45001847076435897
NOKEY,9064,0.47906176147087365
NOKEY,9068,0.4204882549121498
NOKEY,9070,0.4717210405951479
NOKEY,9071,0.3614761272166209
NOKEY,9073,0.41375361420871737
NOKEY,9078,0.40708415038132406
NOKEY,9099,0.44703203483099646
NOKEY,9100,0.37560645649123453
NOKEY,9107,0.456664456094054
NOKEY,9109,0.454744242834502
NOKEY,9113,0.43668073050404105
NOKEY,9116,0.3154577038318371
NOKEY,9117,0.4983376362658042
NOKEY,9119,0.42900079116650014
NOKEY,9120,0.4954195641912982
NOKEY,9123,0.45762628432193336
NOKEY,9128,0.4257024533855666
NOKEY,9135,0.4992575691678778
NOKEY,9138,0.45350602859163097
NOKEY,9139,0.45226012292156703
NOKEY,9140,0.46501409739555616
NOKEY,9142,0.49921952056671903
NOKEY,9156,0.48145034594639435
NOKEY,9160,0.4545112123115069
NOKEY,9169,0.34243846659013133
NOKEY,9170,0.46882322991489356
NOKEY,9171,0.4717056046818664
NOKEY,9185,0.3421619902091321
NOKEY,9357,0.44725321424911463
NOKEY,9370,0.48230964002421295
NOKEY,9375,0.3921498564375103
NOKEY,9382,0.4607446697134279
NOKEY,9384,0.28217450445435793
NOKEY,9394,0.402250063121188
NOKEY,9401,0.49691598340705306
NOKEY,9407,0.4409269854982696
NOKEY,9408,0.49091934809746873
NOKEY,9411,0.46159670166749794
NOKEY,9415,0.4131461729510685
NOKEY,9416,0.43754050632776315
NOKEY,9417,0.4823216011430116
NOKEY,9423,0.47659834864301204
NOKEY,9429,0.4151313356460912
NOKEY,9445,0.4237025181524005
NOKEY,9446,0.37080607012511346
NOKEY,9448,0.44373009981381595
NOKEY,9449,0.38731134652271687
NOKEY,9452,0.49169668831480795
NOKEY,9454,0.45303832374042097
NOKEY,9455,0.46428441789038777
NOKEY,9469,0.45036150042400913
NOKEY,9472,0.44148669124879397
NOKEY,9473,0.48139944288887676
NOKEY,9475,0.40458764222786014
NOKEY,9481,0.39668163496031633
NOKEY,9483,0.46672432835856376
NOKEY,9485,0.39779850378685644
NOKEY,9487,0.45539251479428633
NOKEY,9489,0.4616885399331784
NOKEY,9493,0.48909462441802654
NOKEY,9494,0.4631152116025202
NOKEY,9497,0.4048880484481824
NOKEY,9500,0.4813085489947685
NOKEY,9501,0.46698582901221325
NOKEY,9504,0.41028133624147584
NOKEY,9505,0.3896660230833226
NOKEY,9506,0.4245160523765535
NOKEY,9508,0.47243696642039984
NOKEY,9509,0.4835408545103249
NOKEY,9511,0.43768715215955556
NOKEY,9513,0.3897152386435018
NOKEY,9518,0.3952414140015887
NOKEY,9520,0.4050270876915196
NOKEY,9521,0.38025077811196556
NOKEY,9523,0.3984198839937742
NOKEY,9524,0.33929011506725
NOKEY,9525,0.4809862911175332
NOKEY,9526,0.4254496465296221
NOKEY,9527,0.33995878214370223
NOKEY,9536,0.3621966230013148
NOKEY,9537,0.46135104886606654
NOKEY,9538,0.4377036054506382
NOKEY,9663,0.4925539146921209
NOKEY,9673,0.4812314645183819
NOKEY,9677,0.389364524209962
NOKEY,9682,0.41176464063384705
NOKEY,9684,0.4240650823825447
NOKEY,9692,0.4925539146921209
NOKEY,9693,0.4725787710799695
NOKEY,9700,0.45447043498856865
NOKEY,9701,0.46051226025261943
NOKEY,9702,0.49998396899304987
NOKEY,9705,0.3827064705972918
NOKEY,9706,0.46488354711759655
NOKEY,9707,0.4406460649230996
NOKEY,9712,0.4480175821636308
NOKEY,9715,0.43866910964452704
NOKEY,9720,0.4376231528608615
NOKEY,9725,0.4602461253591596
NOKEY,9728,0.42035746783197625
NOKEY,9730,0.40208389094747976
NOKEY,9733,0.46389769699284933
NOKEY,9735,0.47053184374280216
NOKEY,9744,0.406230949257738
NOKEY,9750,0.44563134267837623
NOKEY,9753,0.38993029289757897
NOKEY,9761,0.4906935553883097
NOKEY,9763,0.45766956059696295
NOKEY,9769,0.4961351307106003
NOKEY,9784,0.35112124136760947
NOKEY,9792,0.44685138360622606
NOKEY,9794,0.492942630171832
NOKEY,9805,0.4129799463866773
NOKEY,9806,0.4259080106432642
NOKEY,9807,0.37949449658823725
NOKEY,9811,0.4074341019271432
NOKEY,9818,0.4689315431084461
NOKEY,9821,0.48092475629629744
NOKEY,9825,0.3350056732871923
NOKEY,9829,0.42302586557106336
NOKEY,9830,0.4577383915075153
NOKEY,9831,0.471808674513437
NOKEY,9836,0.4911702256495173
NOKEY,9837,0.4854451879655342
NOKEY,9990,0.43204253764740674
NOKEY,9991,0.4091187596875003
NOKEY,9992,0.4998230318447367
NOKEY,10003,0.420111477426628
NOKEY,10006,0.45566201102570686
NOKEY,10010,0.4657564488896079
NOKEY,10013,0.3984741835063542
NOKEY,10025,0.4768816701244431
NOKEY,10028,0.4057814410326775
NOKEY,10029,0.28796329690642425
NOKEY,10034,0.4763403261251215
NOKEY,10035,0.4671226709764982
NOKEY,10043,0.46950096629757115
NOKEY,10048,0.4844327470622607
NOKEY,10050,0.4709934137043593
NOKEY,10052,0.4002688487283038
NOKEY,10059,0.45804255445153813
NOKEY,10063,0.4422932436347251
NOKEY,10064,0.4839198370594443
NOKEY,10065,0.43877704779008925
NOKEY,10066,0.49232617266151274
NOKEY,10068,0.45445350008303015
NOKEY,10075,0.40922601121184576
NOKEY,10076,0.47351590935365506
NOKEY,10078,0.46280909731673
NOKEY,10084,0.4441729312428156
NOKEY,10087,0.4432518645989521
NOKEY,10092,0.4753747517037441
NOKEY,10096,0.44528535111864365
NOKEY,10107,0.48010935710346214
NOKEY,10109,0.37775658533742584
NOKEY,10115,0.4869480394023549
NOKEY,10117,0.44235062099317246
NOKEY,10125,0.410813013577794
NOKEY,10134,0.47445654541898663
NOKEY,10137,0.4958325509683724
NOKEY,10139,0.4284417074737562
NOKEY,10142,0.4018629086017732
NOKEY,10151,0.448252439096077
NOKEY,10152,0.4467181061701975
NOKEY,10155,0.35638247045710303
NOKEY,10158,0.39948924692496907
NOKEY,10160,0.39627988146171955
NOKEY,10163,0.47989500692284426
NOKEY,10167,0.48067517299137213
NOKEY,10174,0.42019285840407433
NOKEY,10179,0.49568004472194993
NOKEY,10180,0.33415459116403057
NOKEY,10189,0.39627988146171955
NOKEY,10190,0.45956170588192097
NOKEY,10193,0.39342765103559635
NOKEY,10196,0.42991028633845574
NOKEY,10203,0.489998956724311
NOKEY,10208,0.45648083361278663
NOKEY,10210,0.45483921497790936
NOKEY,10337,0.45308708358784855
NOKEY,10371,0.4783024900061175
NOKEY,10373,0.35896734208200287
NOKEY,10375,0.4882305115991526
NOKEY,10377,0.48952463564862436
NOKEY,10379,0.4748283727190105
NOKEY,10380,0.38618973616563
NOKEY,10381,0.4807308724277367
NOKEY,10392,0.43450619670656787
NOKEY,10393,0.42129172676219784
NOKEY,10395,0.38573821137692604
NOKEY,10402,0.4519249975625167
NOKEY,10410,0.4450453039981726
NOKEY,10411,0.419315410249079
NOKEY,10425,0.38573821137692604
NOKEY,10426,0.43125396073305394
NOKEY,10429,0.44759883003399054
NOKEY,10431,0.3757390624274222
NOKEY,10433,0.48447585428808476
NOKEY,10438,0.4695121223897111
NOKEY,10443,0.3286043992117157
NOKEY,10444,0.42894727382707726
NOKEY,10446,0.4652727517981554
NOKEY,10454,0.3992732292327339
NOKEY,10456,0.49883699911535073
NOKEY,10457,0.4283095747146027
NOKEY,10458,0.37835630823940347
NOKEY,10464,0.381711250271055
NOKEY,10475,0.4705028077362623
NOKEY,10476,0.4745682757931212
NOKEY,10480,0.4879823198396234
NOKEY,10483,0.44729581431608273
NOKEY,10484,0.4647115995958246
NOKEY,10498,0.39577943841581725
NOKEY,10519,0.46703533702300215
NOKEY,10522,0.3733609172033898
NOKEY,10524,0.43794127009898104
NOKEY,10536,0.44669475473825676
NOKEY,10539,0.4138355123966751
NOKEY,10544,0.4278032741676235
NOKEY,10545,0.49968832341835917
NOKEY,10549,0.44832226204995146
NOKEY,10555,0.4769297998533218
NOKEY,10556,0.4319692024510502
NOKEY,10558,0.33901152867906964
NOKEY,10560,0.4636005396303112
NOKEY,10564,0.48986563776123954
NOKEY,10575,0.4540824021809221
NOKEY,10576,0.45994008187997243
NOKEY,10577,0.4265872524021177
NOKEY,10578,0.41000318499585053
NOKEY,10580,0.4777698842877838
NOKEY,10582,0.38457262746022164
NOKEY,10589,0.4870736026894397
NOKEY,10590,0.38267355836428274
NOKEY,10593,0.44075878779969424
NOKEY,10595,0.4492428791922729
NOKEY,10597,0.4726726392162405
NOKEY,10612,0.4070431534858096
NOKEY,10616,0.3954511048301975
NOKEY,10620,0.4418882593516219
NOKEY,10628,0.48978912160978966
NOKEY,10630,0.4859441680864801
NOKEY,10635,0.4808045385732028
NOKEY,10645,0.40812350793378693
NOKEY,10648,0.4718221155029393
NOKEY,10651,0.4919329181221412
NOKEY,10653,0.49433887218751293
NOKEY,10662,0.4516211443183734
NOKEY,10663,0.45002509321444656
NOKEY,10664,0.4954489260672347
NOKEY,10683,0.4483229108787652
NOKEY,10684,0.4508867282280305
NOKEY,10691,0.47245423850455903
NOKEY,10693,0.3339481506368365
NOKEY,10698,0.40556287276623143
NOKEY,10699,0.47553950239324627
NOKEY,10704,0.4415477946175342
NOKEY,10705,0.45182008715930394
NOKEY,10714,0.49515373478002833
NOKEY,10715,0.45624799487322526
NOKEY,10718,0.44265992223582273
NOKEY,10721,0.47245423850455903
NOKEY,10723,0.4626036429963584
NOKEY,10724,0.42839943823551857
NOKEY,10725,0.49882177102421227
NOKEY,10729,0.49621034295486743
NOKEY,10734,0.42163666122636084
NOKEY,10743,0.4233437369543567
NOKEY,10748,0.4758046340008544
NOKEY,10752,0.4517236464334612
NOKEY,10755,0.4799790628816277
NOKEY,10756,0.4585573741139571
NOKEY,10757,0.47595344661774586
NOKEY,10769,0.4249817426253032
NOKEY,10776,0.3766980942372163
NOKEY,10791,0.3807062092989551
NOKEY,10792,0.4439809356916568
NOKEY,10793,0.41595080215264046
NOKEY,10794,0.48179977676241836
NOKEY,10795,0.3843408269234853
NOKEY,10802,0.4647345621951391
NOKEY,10807,0.43205252363716545
NOKEY,10808,0.4556358628022807
NOKEY,10809,0.4683586043061425
NOKEY,10815,0.44787409907911585
NOKEY,10827,0.37702305367582123
NOKEY,10830,0.46379658613630015
NOKEY,10838,0.4556358628022807
NOKEY,10844,0.45979019262717946
NOKEY,10848,0.43628322092438016
NOKEY,10850,0.487141045354971
NOKEY,10851,0.41651631196263234
NOKEY,10862,0.43224877359566555
NOKEY,10885,0.49977471261227774
NOKEY,10886,0.4913513889708795
NOKEY,10887,0.4472134850293618
NOKEY,10891,0.4864480926393074
NOKEY,10894,0.421120036537731
NOKEY,10898,0.47456469110010113
NOKEY,10915,0.4466927691335165
NOKEY,10916,0.45790874384299174
NOKEY,10917,0.450431295160832
NOKEY,10921,0.4031524737591381
NOKEY,10935,0.4241380687611969
NOKEY,10940,0.4758838398147019
NOKEY,10950,0.4984592818504168
NOKEY,10956,0.4720014819084677
NOKEY,10960,0.4701658569107119
NOKEY,10982,0.4715769113432566
NOKEY,10985,0.4720014819084677
NOKEY,11008,0.39924444914082124
NOKEY,11016,0.3969319627329658
NOKEY,11019,0.49418917437561066
NOKEY,11025,0.49906877681604483
NOKEY,11027,0.3766412791695147
NOKEY,11031,0.4548100033433008
NOKEY,11032,0.3464979752191112
NOKEY,11040,0.4677376228589559
NOKEY,11045,0.47042502543249426
NOKEY,11047,0.43131899803787527
NOKEY,11055,0.4980564859673344
NOKEY,11061,0.45759071122285006
NOKEY,11064,0.44700298073367506
NOKEY,11066,0.3980391041474989
NOKEY,11076,0.45323637324753474
NOKEY,11078,0.44795398658555835
NOKEY,11082,0.44708920405272157
NOKEY,11085,0.4926799249791739
NOKEY,11092,0.4567121121196231
NOKEY,11100,0.49689354742875436
SHIFT,3016,0.49083573121482893
SHIFT,3017,0.49062936133755813
SHIFT,3020,0.43194412659195713
SHIFT,3022,0.41110266235837406
SHIFT,3026,0.4729772201483041
SHIFT,3031,0.4209491702835107
SHIFT,3038,0.4777636748222856
SHIFT,3062,0.31395358498909287
SHIFT,3078,0.49058447225067964
SHIFT,3089,0.4929244452916472
SHIFT,3092,0.40776545542310344
SHIFT,3095,0.46112462211082916
SHIFT,3096,0.49926726586013864
SHIFT,3097,0.4744353844858344
SHIFT,3102,0.479131151498532
SHIFT,3121,0.4919553045339192
SHIFT,3129,0.4955109559276709
SHIFT,3132,0.4714958945213378
SHIFT,3187,0.47845695830130325
SHIFT,3191,0.39851154633713076
SHIFT,3215,0.4739813310215777
SHIFT,3219,0.4832354914710097
SHIFT,3221,0.4154556495234724
SHIFT,3317,0.39375726755914714
SHIFT,3324,0.4871243001591608
SHIFT,3330,0.4449157899578936
SHIFT,3334,0.4659708057285319
SHIFT,3345,0.4135748862679286
SHIFT,3346,0.39375726755914714
SHIFT,3349,0.4545456858341159
SHIFT,3362,0.4872879667687866
SHIFT,3375,0.46749926935488717
SHIFT,3387,0.41193385015803585
SHIFT,3413,0.39358309089202176
SHIFT,3426,0.49337031248519597
SHIFT,3427,0.4977014388573659
SHIFT,3444,0.3700896402956156
SHIFT,3463,0.4279155555947841
SHIFT,3473,0.40682048235994034
SHIFT,3491,0.3828305768231297
SHIFT,3493,0.4279155555947841
SHIFT,3494,0.4160921724851426
SHIFT,3512,0.38464469743484
SHIFT,3518,0.40636242579717524
SHIFT,3520,0.4349825151614796
SHIFT,3526,0.42541405823766004
SHIFT,3533,0.44877069782995554
SHIFT,3538,0.4696863711196762
SHIFT,3539,0.3435093634359236
SHIFT,3546,0.49160947581054365
SHIFT,3560,0.4970088501538816
SHIFT,3561,0.3996051124822797
SHIFT,3562,0.486780831190814
SHIFT,3588,0.431628742945949
SHIFT,3598,0.48940651921884964
SHIFT,3602,0.44757113643408564
SHIFT,3606,0.48428732994177026
SHIFT,3625,0.4590273503275919
SHIFT,3629,0.4160767462367605
SHIFT,3632,0.42991127379604516
SHIFT,3633,0.4971779456528394
SHIFT,3634,0.4909974258229656
SHIFT,3655,0.40646467930233066
SHIFT,3659,0.44349319768285034
SHIFT,3661,0.40680139386494657
SHIFT,3663,0.4903517746286267
SHIFT,3667,0.44598628044414224
SHIFT,3674,0.47193331882177886
SHIFT,3676,0.42074416883661475
SHIFT,3801,0.48087537337364283
SHIFT,3817,0.453686345322008
SHIFT,3822,0.4566235858954
SHIFT,3835,0.39238179259382466
SHIFT,3847,0.4888826316339335
SHIFT,3858,0.43701200938468526
SHIFT,3869,0.46326423013868034
SHIFT,3880,0.4152164430941556
SHIFT,3895,0.49411034790448577
SHIFT,3905,0.38761770662503736
SHIFT,3938,0.418862390417319
SHIFT,3956,0.4299925133592336
SHIFT,3959,0.4877260882403472
SHIFT,3964,0.4479874559067816
SHIFT,3989,0.42688874425681417
SHIFT,3995,0.40221258606106675
SHIFT,3996,0.4414860664652772
SHIFT,4002,0.39982144306091766
SHIFT,4006,0.40823148621244937
SHIFT,4011,0.46147580327090065
SHIFT,4032,0.49530490072591915
SHIFT,4153,0.48461131821884723
SHIFT,4159,0.44359036014491054
SHIFT,4163,0.48210244512237505
SHIFT,4179,0.46747630637258597
SHIFT,4182,0.44694684046442684
SHIFT,4184,0.49610263230548324
SHIFT,4187,0.497732777221849
SHIFT,4211,0.4412695738005392
SHIFT,4213,0.46224671164778935
SHIFT,4215,0.451882058716546
SHIFT,4244,0.4964316866131532
SHIFT,4257,0.4727467022862237
SHIFT,4260,0.3934825865891329
SHIFT,4275,0.36263762816564243
SHIFT,4280,0.46873884729921106
SHIFT,4283,0.461355635253163
SHIFT,4343,0.3459919659457359
SHIFT,4346,0.47915916994261165
SHIFT,4348,0.4566557121380186
SHIFT,4371,0.4634064494044153
SHIFT,4381,0.4317117252009667
SHIFT,4398,0.46240568309755903
SHIFT,4405,0.48997338872734064
SHIFT,4420,0.3603411924136362
SHIFT,4589,0.44945146684538134
SHIFT,4597,0.4136116227148671
SHIFT,4606,0.4432799344215152
SHIFT,4624,0.41339858120116607
SHIFT,4644,0.4652925184859551
SHIFT,4654,0.47011977221487916
SHIFT,4672,0.412216838586452
SHIFT,4688,0.49122562753998894
SHIFT,4730,0.3790627595966279
SHIFT,4732,0.44144288586636077
SHIFT,4741,0.4905466301814257
SHIFT,4746,0.36738098781705536
SHIFT,4757,0.4959198035005968
SHIFT,4789,0.45345678160093483
SHIFT,4818,0.4838606990923691
SHIFT,5004,0.43316822808524974
SHIFT,5010,0.4694983474839825
SHIFT,5011,0.3834315402092734
SHIFT,5012,0.38022755622477494
SHIFT,5019,0.45532976646995127
SHIFT,5060,0.4015541877328623
SHIFT,5062,0.49422385394670676
SHIFT,5063,0.48043231748452725
SUPPR,9193,0.49202098142507583
SUPPR,9210,0.49058540029988
SUPPR,9212,0.3893515667531292
SUPPR,9216,0.46373662748425626
SUPPR,9233,0.40517477224602505
SUPPR,9235,0.4898186674063747
SUPPR,9237,0.49878581504188735
SUPPR,9238,0.43806900010445643
SUPPR,9243,0.4906058044850623
SUPPR,9247,0.4728705756669553
SUPPR,9256,0.3628236604346956
SUPPR,9261,0.4990007893159687
SUPPR,9263,0.48395666665969167
SUPPR,9282,0.4862816994640666
SUPPR,9283,0.4538743725225947
SUPPR,9286,0.49968446969006597
SUPPR,9291,0.42806387869586215
SUPPR,9292,0.4677884581914463
SUPPR,9293,0.3784810405687159
SUPPR,9295,0.4158153397637631
SUPPR,9304,0.47956675961213346
SUPPR,9308,0.48911845602123544
SUPPR,9310,0.49439321422474186
SUPPR,9312,0.38905871635325073
SUPPR,9315,0.49645894821763
SUPPR,9316,0.4672932654695911
SUPPR,9322,0.45690347332195574
SUPPR,9334,0.4661388784085764
